{"0":{"Country":"Afghanistan","ISO-2-CODE":"AF","ISO-3-Code":"AFG","ISO-M49":4},"1":{"Country":"Aland Islands","ISO-2-CODE":"AX","ISO-3-Code":"ALA","ISO-M49":248},"2":{"Country":"Albania","ISO-2-CODE":"AL","ISO-3-Code":"ALB","ISO-M49":8},"3":{"Country":"Algeria","ISO-2-CODE":"DZ","ISO-3-Code":"DZA","ISO-M49":12},"4":{"Country":"American Samoa","ISO-2-CODE":"AS","ISO-3-Code":"ASM","ISO-M49":16},"5":{"Country":"Andorra","ISO-2-CODE":"AD","ISO-3-Code":"AND","ISO-M49":20},"6":{"Country":"Angola","ISO-2-CODE":"AO","ISO-3-Code":"AGO","ISO-M49":24},"7":{"Country":"Anguilla","ISO-2-CODE":"AI","ISO-3-Code":"AIA","ISO-M49":660},"8":{"Country":"Antarctica","ISO-2-CODE":"AQ","ISO-3-Code":"ATA","ISO-M49":10},"9":{"Country":"Antigua and Barbuda","ISO-2-CODE":"AG","ISO-3-Code":"ATG","ISO-M49":28},"10":{"Country":"Argentina","ISO-2-CODE":"AR","ISO-3-Code":"ARG","ISO-M49":32},"11":{"Country":"Armenia","ISO-2-CODE":"AM","ISO-3-Code":"ARM","ISO-M49":51},"12":{"Country":"Aruba","ISO-2-CODE":"AW","ISO-3-Code":"ABW","ISO-M49":533},"13":{"Country":"Australia","ISO-2-CODE":"AU","ISO-3-Code":"AUS","ISO-M49":36},"14":{"Country":"Austria","ISO-2-CODE":"AT","ISO-3-Code":"AUT","ISO-M49":40},"15":{"Country":"Azerbaijan","ISO-2-CODE":"AZ","ISO-3-Code":"AZE","ISO-M49":31},"16":{"Country":"Bahamas","ISO-2-CODE":"BS","ISO-3-Code":"BHS","ISO-M49":44},"17":{"Country":"Bahrain","ISO-2-CODE":"BH","ISO-3-Code":"BHR","ISO-M49":48},"18":{"Country":"Bangladesh","ISO-2-CODE":"BD","ISO-3-Code":"BGD","ISO-M49":50},"19":{"Country":"Barbados","ISO-2-CODE":"BB","ISO-3-Code":"BRB","ISO-M49":52},"20":{"Country":"Belarus","ISO-2-CODE":"BY","ISO-3-Code":"BLR","ISO-M49":112},"21":{"Country":"Belgium","ISO-2-CODE":"BE","ISO-3-Code":"BEL","ISO-M49":56},"22":{"Country":"Belize","ISO-2-CODE":"BZ","ISO-3-Code":"BLZ","ISO-M49":84},"23":{"Country":"Benin","ISO-2-CODE":"BJ","ISO-3-Code":"BEN","ISO-M49":204},"24":{"Country":"Bermuda","ISO-2-CODE":"BM","ISO-3-Code":"BMU","ISO-M49":60},"25":{"Country":"Bhutan","ISO-2-CODE":"BT","ISO-3-Code":"BTN","ISO-M49":64},"26":{"Country":"Bolivia","ISO-2-CODE":"BO","ISO-3-Code":"BOL","ISO-M49":68},"27":{"Country":"Bosnia and Herzegovina","ISO-2-CODE":"BA","ISO-3-Code":"BIH","ISO-M49":70},"28":{"Country":"Botswana","ISO-2-CODE":"BW","ISO-3-Code":"BWA","ISO-M49":72},"29":{"Country":"Bouvet Island","ISO-2-CODE":"BV","ISO-3-Code":"BVT","ISO-M49":74},"30":{"Country":"Brazil","ISO-2-CODE":"BR","ISO-3-Code":"BRA","ISO-M49":76},"31":{"Country":"British Virgin Islands","ISO-2-CODE":"VG","ISO-3-Code":"VGB","ISO-M49":92},"32":{"Country":"British Indian Ocean Territory","ISO-2-CODE":"IO","ISO-3-Code":"IOT","ISO-M49":86},"33":{"Country":"Brunei Darussalam","ISO-2-CODE":"BN","ISO-3-Code":"BRN","ISO-M49":96},"34":{"Country":"Bulgaria","ISO-2-CODE":"BG","ISO-3-Code":"BGR","ISO-M49":100},"35":{"Country":"Burkina Faso","ISO-2-CODE":"BF","ISO-3-Code":"BFA","ISO-M49":854},"36":{"Country":"Burundi","ISO-2-CODE":"BI","ISO-3-Code":"BDI","ISO-M49":108},"37":{"Country":"Cambodia","ISO-2-CODE":"KH","ISO-3-Code":"KHM","ISO-M49":116},"38":{"Country":"Cameroon","ISO-2-CODE":"CM","ISO-3-Code":"CMR","ISO-M49":120},"39":{"Country":"Canada","ISO-2-CODE":"CA","ISO-3-Code":"CAN","ISO-M49":124},"40":{"Country":"Cape Verde","ISO-2-CODE":"CV","ISO-3-Code":"CPV","ISO-M49":132},"41":{"Country":"Cayman Islands","ISO-2-CODE":"KY","ISO-3-Code":"CYM","ISO-M49":136},"42":{"Country":"Central African Republic","ISO-2-CODE":"CF","ISO-3-Code":"CAF","ISO-M49":140},"43":{"Country":"Chad","ISO-2-CODE":"TD","ISO-3-Code":"TCD","ISO-M49":148},"44":{"Country":"Chile","ISO-2-CODE":"CL","ISO-3-Code":"CHL","ISO-M49":152},"45":{"Country":"China","ISO-2-CODE":"CN","ISO-3-Code":"CHN","ISO-M49":156},"46":{"Country":"Hong Kong, SAR China","ISO-2-CODE":"HK","ISO-3-Code":"HKG","ISO-M49":344},"47":{"Country":"Macao, SAR China","ISO-2-CODE":"MO","ISO-3-Code":"MAC","ISO-M49":446},"48":{"Country":"Christmas Island","ISO-2-CODE":"CX","ISO-3-Code":"CXR","ISO-M49":162},"49":{"Country":"Cocos (Keeling) Islands","ISO-2-CODE":"CC","ISO-3-Code":"CCK","ISO-M49":166},"50":{"Country":"Colombia","ISO-2-CODE":"CO","ISO-3-Code":"COL","ISO-M49":170},"51":{"Country":"Comoros","ISO-2-CODE":"KM","ISO-3-Code":"COM","ISO-M49":174},"52":{"Country":"Congo\u00ff(Brazzaville)","ISO-2-CODE":"CG","ISO-3-Code":"COG","ISO-M49":178},"53":{"Country":"Congo, (Kinshasa)","ISO-2-CODE":"CD","ISO-3-Code":"COD","ISO-M49":180},"54":{"Country":"Cook Islands","ISO-2-CODE":"CK","ISO-3-Code":"COK","ISO-M49":184},"55":{"Country":"Costa Rica","ISO-2-CODE":"CR","ISO-3-Code":"CRI","ISO-M49":188},"56":{"Country":"C\u0093te d'Ivoire","ISO-2-CODE":"CI","ISO-3-Code":"CIV","ISO-M49":384},"57":{"Country":"Croatia","ISO-2-CODE":"HR","ISO-3-Code":"HRV","ISO-M49":191},"58":{"Country":"Cuba","ISO-2-CODE":"CU","ISO-3-Code":"CUB","ISO-M49":192},"59":{"Country":"Cyprus","ISO-2-CODE":"CY","ISO-3-Code":"CYP","ISO-M49":196},"60":{"Country":"Czech Republic","ISO-2-CODE":"CZ","ISO-3-Code":"CZE","ISO-M49":203},"61":{"Country":"Denmark","ISO-2-CODE":"DK","ISO-3-Code":"DNK","ISO-M49":208},"62":{"Country":"Djibouti","ISO-2-CODE":"DJ","ISO-3-Code":"DJI","ISO-M49":262},"63":{"Country":"Dominica","ISO-2-CODE":"DM","ISO-3-Code":"DMA","ISO-M49":212},"64":{"Country":"Dominican Republic","ISO-2-CODE":"DO","ISO-3-Code":"DOM","ISO-M49":214},"65":{"Country":"Ecuador","ISO-2-CODE":"EC","ISO-3-Code":"ECU","ISO-M49":218},"66":{"Country":"Egypt","ISO-2-CODE":"EG","ISO-3-Code":"EGY","ISO-M49":818},"67":{"Country":"El Salvador","ISO-2-CODE":"SV","ISO-3-Code":"SLV","ISO-M49":222},"68":{"Country":"Equatorial Guinea","ISO-2-CODE":"GQ","ISO-3-Code":"GNQ","ISO-M49":226},"69":{"Country":"Eritrea","ISO-2-CODE":"ER","ISO-3-Code":"ERI","ISO-M49":232},"70":{"Country":"Estonia","ISO-2-CODE":"EE","ISO-3-Code":"EST","ISO-M49":233},"71":{"Country":"Ethiopia","ISO-2-CODE":"ET","ISO-3-Code":"ETH","ISO-M49":231},"72":{"Country":"Falkland Islands (Malvinas)","ISO-2-CODE":"FK","ISO-3-Code":"FLK","ISO-M49":238},"73":{"Country":"Faroe Islands","ISO-2-CODE":"FO","ISO-3-Code":"FRO","ISO-M49":234},"74":{"Country":"Fiji","ISO-2-CODE":"FJ","ISO-3-Code":"FJI","ISO-M49":242},"75":{"Country":"Finland","ISO-2-CODE":"FI","ISO-3-Code":"FIN","ISO-M49":246},"76":{"Country":"France","ISO-2-CODE":"FR","ISO-3-Code":"FRA","ISO-M49":250},"77":{"Country":"French Guiana","ISO-2-CODE":"GF","ISO-3-Code":"GUF","ISO-M49":254},"78":{"Country":"French Polynesia","ISO-2-CODE":"PF","ISO-3-Code":"PYF","ISO-M49":258},"79":{"Country":"French Southern Territories","ISO-2-CODE":"TF","ISO-3-Code":"ATF","ISO-M49":260},"80":{"Country":"Gabon","ISO-2-CODE":"GA","ISO-3-Code":"GAB","ISO-M49":266},"81":{"Country":"Gambia","ISO-2-CODE":"GM","ISO-3-Code":"GMB","ISO-M49":270},"82":{"Country":"Georgia","ISO-2-CODE":"GE","ISO-3-Code":"GEO","ISO-M49":268},"83":{"Country":"Germany","ISO-2-CODE":"DE","ISO-3-Code":"DEU","ISO-M49":276},"84":{"Country":"Ghana","ISO-2-CODE":"GH","ISO-3-Code":"GHA","ISO-M49":288},"85":{"Country":"Gibraltar","ISO-2-CODE":"GI","ISO-3-Code":"GIB","ISO-M49":292},"86":{"Country":"Greece","ISO-2-CODE":"GR","ISO-3-Code":"GRC","ISO-M49":300},"87":{"Country":"Greenland","ISO-2-CODE":"GL","ISO-3-Code":"GRL","ISO-M49":304},"88":{"Country":"Grenada","ISO-2-CODE":"GD","ISO-3-Code":"GRD","ISO-M49":308},"89":{"Country":"Guadeloupe","ISO-2-CODE":"GP","ISO-3-Code":"GLP","ISO-M49":312},"90":{"Country":"Guam","ISO-2-CODE":"GU","ISO-3-Code":"GUM","ISO-M49":316},"91":{"Country":"Guatemala","ISO-2-CODE":"GT","ISO-3-Code":"GTM","ISO-M49":320},"92":{"Country":"Guernsey","ISO-2-CODE":"GG","ISO-3-Code":"GGY","ISO-M49":831},"93":{"Country":"Guinea","ISO-2-CODE":"GN","ISO-3-Code":"GIN","ISO-M49":324},"94":{"Country":"Guinea-Bissau","ISO-2-CODE":"GW","ISO-3-Code":"GNB","ISO-M49":624},"95":{"Country":"Guyana","ISO-2-CODE":"GY","ISO-3-Code":"GUY","ISO-M49":328},"96":{"Country":"Haiti","ISO-2-CODE":"HT","ISO-3-Code":"HTI","ISO-M49":332},"97":{"Country":"Heard and Mcdonald Islands","ISO-2-CODE":"HM","ISO-3-Code":"HMD","ISO-M49":334},"98":{"Country":"Holy See\u00ff(Vatican City State)","ISO-2-CODE":"VA","ISO-3-Code":"VAT","ISO-M49":336},"99":{"Country":"Honduras","ISO-2-CODE":"HN","ISO-3-Code":"HND","ISO-M49":340},"100":{"Country":"Hungary","ISO-2-CODE":"HU","ISO-3-Code":"HUN","ISO-M49":348},"101":{"Country":"Iceland","ISO-2-CODE":"IS","ISO-3-Code":"ISL","ISO-M49":352},"102":{"Country":"India","ISO-2-CODE":"IN","ISO-3-Code":"IND","ISO-M49":356},"103":{"Country":"Indonesia","ISO-2-CODE":"ID","ISO-3-Code":"IDN","ISO-M49":360},"104":{"Country":"Iran, Islamic Republic of","ISO-2-CODE":"IR","ISO-3-Code":"IRN","ISO-M49":364},"105":{"Country":"Iraq","ISO-2-CODE":"IQ","ISO-3-Code":"IRQ","ISO-M49":368},"106":{"Country":"Ireland","ISO-2-CODE":"IE","ISO-3-Code":"IRL","ISO-M49":372},"107":{"Country":"Isle of Man","ISO-2-CODE":"IM","ISO-3-Code":"IMN","ISO-M49":833},"108":{"Country":"Israel","ISO-2-CODE":"IL","ISO-3-Code":"ISR","ISO-M49":376},"109":{"Country":"Italy","ISO-2-CODE":"IT","ISO-3-Code":"ITA","ISO-M49":380},"110":{"Country":"Jamaica","ISO-2-CODE":"JM","ISO-3-Code":"JAM","ISO-M49":388},"111":{"Country":"Japan","ISO-2-CODE":"JP","ISO-3-Code":"JPN","ISO-M49":392},"112":{"Country":"Jersey","ISO-2-CODE":"JE","ISO-3-Code":"JEY","ISO-M49":832},"113":{"Country":"Jordan","ISO-2-CODE":"JO","ISO-3-Code":"JOR","ISO-M49":400},"114":{"Country":"Kazakhstan","ISO-2-CODE":"KZ","ISO-3-Code":"KAZ","ISO-M49":398},"115":{"Country":"Kenya","ISO-2-CODE":"KE","ISO-3-Code":"KEN","ISO-M49":404},"116":{"Country":"Kiribati","ISO-2-CODE":"KI","ISO-3-Code":"KIR","ISO-M49":296},"117":{"Country":"Korea\u00ff(North)","ISO-2-CODE":"KP","ISO-3-Code":"PRK","ISO-M49":408},"118":{"Country":"Korea\u00ff(South)","ISO-2-CODE":"KR","ISO-3-Code":"KOR","ISO-M49":410},"119":{"Country":"Kuwait","ISO-2-CODE":"KW","ISO-3-Code":"KWT","ISO-M49":414},"120":{"Country":"Kyrgyzstan","ISO-2-CODE":"KG","ISO-3-Code":"KGZ","ISO-M49":417},"121":{"Country":"Lao PDR","ISO-2-CODE":"LA","ISO-3-Code":"LAO","ISO-M49":418},"122":{"Country":"Latvia","ISO-2-CODE":"LV","ISO-3-Code":"LVA","ISO-M49":428},"123":{"Country":"Lebanon","ISO-2-CODE":"LB","ISO-3-Code":"LBN","ISO-M49":422},"124":{"Country":"Lesotho","ISO-2-CODE":"LS","ISO-3-Code":"LSO","ISO-M49":426},"125":{"Country":"Liberia","ISO-2-CODE":"LR","ISO-3-Code":"LBR","ISO-M49":430},"126":{"Country":"Libya","ISO-2-CODE":"LY","ISO-3-Code":"LBY","ISO-M49":434},"127":{"Country":"Liechtenstein","ISO-2-CODE":"LI","ISO-3-Code":"LIE","ISO-M49":438},"128":{"Country":"Lithuania","ISO-2-CODE":"LT","ISO-3-Code":"LTU","ISO-M49":440},"129":{"Country":"Luxembourg","ISO-2-CODE":"LU","ISO-3-Code":"LUX","ISO-M49":442},"130":{"Country":"Macedonia, Republic of","ISO-2-CODE":"MK","ISO-3-Code":"MKD","ISO-M49":807},"131":{"Country":"Madagascar","ISO-2-CODE":"MG","ISO-3-Code":"MDG","ISO-M49":450},"132":{"Country":"Malawi","ISO-2-CODE":"MW","ISO-3-Code":"MWI","ISO-M49":454},"133":{"Country":"Malaysia","ISO-2-CODE":"MY","ISO-3-Code":"MYS","ISO-M49":458},"134":{"Country":"Maldives","ISO-2-CODE":"MV","ISO-3-Code":"MDV","ISO-M49":462},"135":{"Country":"Mali","ISO-2-CODE":"ML","ISO-3-Code":"MLI","ISO-M49":466},"136":{"Country":"Malta","ISO-2-CODE":"MT","ISO-3-Code":"MLT","ISO-M49":470},"137":{"Country":"Marshall Islands","ISO-2-CODE":"MH","ISO-3-Code":"MHL","ISO-M49":584},"138":{"Country":"Martinique","ISO-2-CODE":"MQ","ISO-3-Code":"MTQ","ISO-M49":474},"139":{"Country":"Mauritania","ISO-2-CODE":"MR","ISO-3-Code":"MRT","ISO-M49":478},"140":{"Country":"Mauritius","ISO-2-CODE":"MU","ISO-3-Code":"MUS","ISO-M49":480},"141":{"Country":"Mayotte","ISO-2-CODE":"YT","ISO-3-Code":"MYT","ISO-M49":175},"142":{"Country":"Mexico","ISO-2-CODE":"MX","ISO-3-Code":"MEX","ISO-M49":484},"143":{"Country":"Micronesia, Federated States of","ISO-2-CODE":"FM","ISO-3-Code":"FSM","ISO-M49":583},"144":{"Country":"Moldova","ISO-2-CODE":"MD","ISO-3-Code":"MDA","ISO-M49":498},"145":{"Country":"Monaco","ISO-2-CODE":"MC","ISO-3-Code":"MCO","ISO-M49":492},"146":{"Country":"Mongolia","ISO-2-CODE":"MN","ISO-3-Code":"MNG","ISO-M49":496},"147":{"Country":"Montenegro","ISO-2-CODE":"ME","ISO-3-Code":"MNE","ISO-M49":499},"148":{"Country":"Montserrat","ISO-2-CODE":"MS","ISO-3-Code":"MSR","ISO-M49":500},"149":{"Country":"Morocco","ISO-2-CODE":"MA","ISO-3-Code":"MAR","ISO-M49":504},"150":{"Country":"Mozambique","ISO-2-CODE":"MZ","ISO-3-Code":"MOZ","ISO-M49":508},"151":{"Country":"Myanmar","ISO-2-CODE":"MM","ISO-3-Code":"MMR","ISO-M49":104},"152":{"Country":"Namibia","ISO-2-CODE":null,"ISO-3-Code":"NAM","ISO-M49":516},"153":{"Country":"Nauru","ISO-2-CODE":"NR","ISO-3-Code":"NRU","ISO-M49":520},"154":{"Country":"Nepal","ISO-2-CODE":"NP","ISO-3-Code":"NPL","ISO-M49":524},"155":{"Country":"Netherlands","ISO-2-CODE":"NL","ISO-3-Code":"NLD","ISO-M49":528},"156":{"Country":"Netherlands Antilles","ISO-2-CODE":"AN","ISO-3-Code":"ANT","ISO-M49":530},"157":{"Country":"New Caledonia","ISO-2-CODE":"NC","ISO-3-Code":"NCL","ISO-M49":540},"158":{"Country":"New Zealand","ISO-2-CODE":"NZ","ISO-3-Code":"NZL","ISO-M49":554},"159":{"Country":"Nicaragua","ISO-2-CODE":"NI","ISO-3-Code":"NIC","ISO-M49":558},"160":{"Country":"Niger","ISO-2-CODE":"NE","ISO-3-Code":"NER","ISO-M49":562},"161":{"Country":"Nigeria","ISO-2-CODE":"NG","ISO-3-Code":"NGA","ISO-M49":566},"162":{"Country":"Niue","ISO-2-CODE":"NU","ISO-3-Code":"NIU","ISO-M49":570},"163":{"Country":"Norfolk Island","ISO-2-CODE":"NF","ISO-3-Code":"NFK","ISO-M49":574},"164":{"Country":"Northern Mariana Islands","ISO-2-CODE":"MP","ISO-3-Code":"MNP","ISO-M49":580},"165":{"Country":"Norway","ISO-2-CODE":"NO","ISO-3-Code":"NOR","ISO-M49":578},"166":{"Country":"Oman","ISO-2-CODE":"OM","ISO-3-Code":"OMN","ISO-M49":512},"167":{"Country":"Pakistan","ISO-2-CODE":"PK","ISO-3-Code":"PAK","ISO-M49":586},"168":{"Country":"Palau","ISO-2-CODE":"PW","ISO-3-Code":"PLW","ISO-M49":585},"169":{"Country":"Palestinian Territory","ISO-2-CODE":"PS","ISO-3-Code":"PSE","ISO-M49":275},"170":{"Country":"Panama","ISO-2-CODE":"PA","ISO-3-Code":"PAN","ISO-M49":591},"171":{"Country":"Papua New Guinea","ISO-2-CODE":"PG","ISO-3-Code":"PNG","ISO-M49":598},"172":{"Country":"Paraguay","ISO-2-CODE":"PY","ISO-3-Code":"PRY","ISO-M49":600},"173":{"Country":"Peru","ISO-2-CODE":"PE","ISO-3-Code":"PER","ISO-M49":604},"174":{"Country":"Philippines","ISO-2-CODE":"PH","ISO-3-Code":"PHL","ISO-M49":608},"175":{"Country":"Pitcairn","ISO-2-CODE":"PN","ISO-3-Code":"PCN","ISO-M49":612},"176":{"Country":"Poland","ISO-2-CODE":"PL","ISO-3-Code":"POL","ISO-M49":616},"177":{"Country":"Portugal","ISO-2-CODE":"PT","ISO-3-Code":"PRT","ISO-M49":620},"178":{"Country":"Puerto Rico","ISO-2-CODE":"PR","ISO-3-Code":"PRI","ISO-M49":630},"179":{"Country":"Qatar","ISO-2-CODE":"QA","ISO-3-Code":"QAT","ISO-M49":634},"180":{"Country":"R\u0082union","ISO-2-CODE":"RE","ISO-3-Code":"REU","ISO-M49":638},"181":{"Country":"Romania","ISO-2-CODE":"RO","ISO-3-Code":"ROU","ISO-M49":642},"182":{"Country":"Russian Federation","ISO-2-CODE":"RU","ISO-3-Code":"RUS","ISO-M49":643},"183":{"Country":"Rwanda","ISO-2-CODE":"RW","ISO-3-Code":"RWA","ISO-M49":646},"184":{"Country":"Saint-Barth\u0082lemy","ISO-2-CODE":"BL","ISO-3-Code":"BLM","ISO-M49":652},"185":{"Country":"Saint Helena","ISO-2-CODE":"SH","ISO-3-Code":"SHN","ISO-M49":654},"186":{"Country":"Saint Kitts and Nevis","ISO-2-CODE":"KN","ISO-3-Code":"KNA","ISO-M49":659},"187":{"Country":"Saint Lucia","ISO-2-CODE":"LC","ISO-3-Code":"LCA","ISO-M49":662},"188":{"Country":"Saint-Martin (French part)","ISO-2-CODE":"MF","ISO-3-Code":"MAF","ISO-M49":663},"189":{"Country":"Saint Pierre and Miquelon","ISO-2-CODE":"PM","ISO-3-Code":"SPM","ISO-M49":666},"190":{"Country":"Saint Vincent and Grenadines","ISO-2-CODE":"VC","ISO-3-Code":"VCT","ISO-M49":670},"191":{"Country":"Samoa","ISO-2-CODE":"WS","ISO-3-Code":"WSM","ISO-M49":882},"192":{"Country":"San Marino","ISO-2-CODE":"SM","ISO-3-Code":"SMR","ISO-M49":674},"193":{"Country":"Sao Tome and Principe","ISO-2-CODE":"ST","ISO-3-Code":"STP","ISO-M49":678},"194":{"Country":"Saudi Arabia","ISO-2-CODE":"SA","ISO-3-Code":"SAU","ISO-M49":682},"195":{"Country":"Senegal","ISO-2-CODE":"SN","ISO-3-Code":"SEN","ISO-M49":686},"196":{"Country":"Serbia","ISO-2-CODE":"RS","ISO-3-Code":"SRB","ISO-M49":688},"197":{"Country":"Seychelles","ISO-2-CODE":"SC","ISO-3-Code":"SYC","ISO-M49":690},"198":{"Country":"Sierra Leone","ISO-2-CODE":"SL","ISO-3-Code":"SLE","ISO-M49":694},"199":{"Country":"Singapore","ISO-2-CODE":"SG","ISO-3-Code":"SGP","ISO-M49":702},"200":{"Country":"Slovakia","ISO-2-CODE":"SK","ISO-3-Code":"SVK","ISO-M49":703},"201":{"Country":"Slovenia","ISO-2-CODE":"SI","ISO-3-Code":"SVN","ISO-M49":705},"202":{"Country":"Solomon Islands","ISO-2-CODE":"SB","ISO-3-Code":"SLB","ISO-M49":90},"203":{"Country":"Somalia","ISO-2-CODE":"SO","ISO-3-Code":"SOM","ISO-M49":706},"204":{"Country":"South Africa","ISO-2-CODE":"ZA","ISO-3-Code":"ZAF","ISO-M49":710},"205":{"Country":"South Georgia and the South Sandwich Islands","ISO-2-CODE":"GS","ISO-3-Code":"SGS","ISO-M49":239},"206":{"Country":"South Sudan","ISO-2-CODE":"SS","ISO-3-Code":"SSD","ISO-M49":728},"207":{"Country":"Spain","ISO-2-CODE":"ES","ISO-3-Code":"ESP","ISO-M49":724},"208":{"Country":"Sri Lanka","ISO-2-CODE":"LK","ISO-3-Code":"LKA","ISO-M49":144},"209":{"Country":"Sudan","ISO-2-CODE":"SD","ISO-3-Code":"SDN","ISO-M49":736},"210":{"Country":"Suriname","ISO-2-CODE":"SR","ISO-3-Code":"SUR","ISO-M49":740},"211":{"Country":"Svalbard and Jan Mayen Islands","ISO-2-CODE":"SJ","ISO-3-Code":"SJM","ISO-M49":744},"212":{"Country":"Swaziland","ISO-2-CODE":"SZ","ISO-3-Code":"SWZ","ISO-M49":748},"213":{"Country":"Sweden","ISO-2-CODE":"SE","ISO-3-Code":"SWE","ISO-M49":752},"214":{"Country":"Switzerland","ISO-2-CODE":"CH","ISO-3-Code":"CHE","ISO-M49":756},"215":{"Country":"Syrian Arab Republic\u00ff(Syria)","ISO-2-CODE":"SY","ISO-3-Code":"SYR","ISO-M49":760},"216":{"Country":"Taiwan, Republic of China","ISO-2-CODE":"TW","ISO-3-Code":"TWN","ISO-M49":158},"217":{"Country":"Tajikistan","ISO-2-CODE":"TJ","ISO-3-Code":"TJK","ISO-M49":762},"218":{"Country":"Tanzania, United Republic of","ISO-2-CODE":"TZ","ISO-3-Code":"TZA","ISO-M49":834},"219":{"Country":"Thailand","ISO-2-CODE":"TH","ISO-3-Code":"THA","ISO-M49":764},"220":{"Country":"Timor-Leste","ISO-2-CODE":"TL","ISO-3-Code":"TLS","ISO-M49":626},"221":{"Country":"Togo","ISO-2-CODE":"TG","ISO-3-Code":"TGO","ISO-M49":768},"222":{"Country":"Tokelau","ISO-2-CODE":"TK","ISO-3-Code":"TKL","ISO-M49":772},"223":{"Country":"Tonga","ISO-2-CODE":"TO","ISO-3-Code":"TON","ISO-M49":776},"224":{"Country":"Trinidad and Tobago","ISO-2-CODE":"TT","ISO-3-Code":"TTO","ISO-M49":780},"225":{"Country":"Tunisia","ISO-2-CODE":"TN","ISO-3-Code":"TUN","ISO-M49":788},"226":{"Country":"Turkey","ISO-2-CODE":"TR","ISO-3-Code":"TUR","ISO-M49":792},"227":{"Country":"Turkmenistan","ISO-2-CODE":"TM","ISO-3-Code":"TKM","ISO-M49":795},"228":{"Country":"Turks and Caicos Islands","ISO-2-CODE":"TC","ISO-3-Code":"TCA","ISO-M49":796},"229":{"Country":"Tuvalu","ISO-2-CODE":"TV","ISO-3-Code":"TUV","ISO-M49":798},"230":{"Country":"Uganda","ISO-2-CODE":"UG","ISO-3-Code":"UGA","ISO-M49":800},"231":{"Country":"Ukraine","ISO-2-CODE":"UA","ISO-3-Code":"UKR","ISO-M49":804},"232":{"Country":"United Arab Emirates","ISO-2-CODE":"AE","ISO-3-Code":"ARE","ISO-M49":784},"233":{"Country":"United Kingdom","ISO-2-CODE":"GB","ISO-3-Code":"GBR","ISO-M49":826},"234":{"Country":"United States of America","ISO-2-CODE":"US","ISO-3-Code":"USA","ISO-M49":840},"235":{"Country":"US Minor Outlying Islands","ISO-2-CODE":"UM","ISO-3-Code":"UMI","ISO-M49":581},"236":{"Country":"Uruguay","ISO-2-CODE":"UY","ISO-3-Code":"URY","ISO-M49":858},"237":{"Country":"Uzbekistan","ISO-2-CODE":"UZ","ISO-3-Code":"UZB","ISO-M49":860},"238":{"Country":"Vanuatu","ISO-2-CODE":"VU","ISO-3-Code":"VUT","ISO-M49":548},"239":{"Country":"Venezuela\u00ff(Bolivarian Republic)","ISO-2-CODE":"VE","ISO-3-Code":"VEN","ISO-M49":862},"240":{"Country":"Viet Nam","ISO-2-CODE":"VN","ISO-3-Code":"VNM","ISO-M49":704},"241":{"Country":"Virgin Islands, US","ISO-2-CODE":"VI","ISO-3-Code":"VIR","ISO-M49":850},"242":{"Country":"Wallis and Futuna Islands","ISO-2-CODE":"WF","ISO-3-Code":"WLF","ISO-M49":876},"243":{"Country":"Western Sahara","ISO-2-CODE":"EH","ISO-3-Code":"ESH","ISO-M49":732},"244":{"Country":"Yemen","ISO-2-CODE":"YE","ISO-3-Code":"YEM","ISO-M49":887},"245":{"Country":"Zambia","ISO-2-CODE":"ZM","ISO-3-Code":"ZMB","ISO-M49":894},"246":{"Country":"Zimbabwe","ISO-2-CODE":"ZW","ISO-3-Code":"ZWE","ISO-M49":716}}