<root><entry><Country>Afghanistan</Country><Country>Afghanistan</Country><ISO-2-CODE>AF</ISO-2-CODE><ISO-2-CODE>AF</ISO-2-CODE><ISO-3-Code>AFG</ISO-3-Code><ISO-3-Code>AFG</ISO-3-Code><ISO-M49>4</ISO-M49><ISO-M49>4</ISO-M49></entry><entry><Country>Aland Islands</Country><Country>Aland Islands</Country><ISO-2-CODE>AX</ISO-2-CODE><ISO-2-CODE>AX</ISO-2-CODE><ISO-3-Code>ALA</ISO-3-Code><ISO-3-Code>ALA</ISO-3-Code><ISO-M49>248</ISO-M49><ISO-M49>248</ISO-M49></entry><entry><Country>Albania</Country><Country>Albania</Country><ISO-2-CODE>AL</ISO-2-CODE><ISO-2-CODE>AL</ISO-2-CODE><ISO-3-Code>ALB</ISO-3-Code><ISO-3-Code>ALB</ISO-3-Code><ISO-M49>8</ISO-M49><ISO-M49>8</ISO-M49></entry><entry><Country>Algeria</Country><Country>Algeria</Country><ISO-2-CODE>DZ</ISO-2-CODE><ISO-2-CODE>DZ</ISO-2-CODE><ISO-3-Code>DZA</ISO-3-Code><ISO-3-Code>DZA</ISO-3-Code><ISO-M49>12</ISO-M49><ISO-M49>12</ISO-M49></entry><entry><Country>American Samoa</Country><Country>American Samoa</Country><ISO-2-CODE>AS</ISO-2-CODE><ISO-2-CODE>AS</ISO-2-CODE><ISO-3-Code>ASM</ISO-3-Code><ISO-3-Code>ASM</ISO-3-Code><ISO-M49>16</ISO-M49><ISO-M49>16</ISO-M49></entry><entry><Country>Andorra</Country><Country>Andorra</Country><ISO-2-CODE>AD</ISO-2-CODE><ISO-2-CODE>AD</ISO-2-CODE><ISO-3-Code>AND</ISO-3-Code><ISO-3-Code>AND</ISO-3-Code><ISO-M49>20</ISO-M49><ISO-M49>20</ISO-M49></entry><entry><Country>Angola</Country><Country>Angola</Country><ISO-2-CODE>AO</ISO-2-CODE><ISO-2-CODE>AO</ISO-2-CODE><ISO-3-Code>AGO</ISO-3-Code><ISO-3-Code>AGO</ISO-3-Code><ISO-M49>24</ISO-M49><ISO-M49>24</ISO-M49></entry><entry><Country>Anguilla</Country><Country>Anguilla</Country><ISO-2-CODE>AI</ISO-2-CODE><ISO-2-CODE>AI</ISO-2-CODE><ISO-3-Code>AIA</ISO-3-Code><ISO-3-Code>AIA</ISO-3-Code><ISO-M49>660</ISO-M49><ISO-M49>660</ISO-M49></entry><entry><Country>Antarctica</Country><Country>Antarctica</Country><ISO-2-CODE>AQ</ISO-2-CODE><ISO-2-CODE>AQ</ISO-2-CODE><ISO-3-Code>ATA</ISO-3-Code><ISO-3-Code>ATA</ISO-3-Code><ISO-M49>10</ISO-M49><ISO-M49>10</ISO-M49></entry><entry><Country>Antigua and Barbuda</Country><Country>Antigua and Barbuda</Country><ISO-2-CODE>AG</ISO-2-CODE><ISO-2-CODE>AG</ISO-2-CODE><ISO-3-Code>ATG</ISO-3-Code><ISO-3-Code>ATG</ISO-3-Code><ISO-M49>28</ISO-M49><ISO-M49>28</ISO-M49></entry><entry><Country>Argentina</Country><Country>Argentina</Country><ISO-2-CODE>AR</ISO-2-CODE><ISO-2-CODE>AR</ISO-2-CODE><ISO-3-Code>ARG</ISO-3-Code><ISO-3-Code>ARG</ISO-3-Code><ISO-M49>32</ISO-M49><ISO-M49>32</ISO-M49></entry><entry><Country>Armenia</Country><Country>Armenia</Country><ISO-2-CODE>AM</ISO-2-CODE><ISO-2-CODE>AM</ISO-2-CODE><ISO-3-Code>ARM</ISO-3-Code><ISO-3-Code>ARM</ISO-3-Code><ISO-M49>51</ISO-M49><ISO-M49>51</ISO-M49></entry><entry><Country>Aruba</Country><Country>Aruba</Country><ISO-2-CODE>AW</ISO-2-CODE><ISO-2-CODE>AW</ISO-2-CODE><ISO-3-Code>ABW</ISO-3-Code><ISO-3-Code>ABW</ISO-3-Code><ISO-M49>533</ISO-M49><ISO-M49>533</ISO-M49></entry><entry><Country>Australia</Country><Country>Australia</Country><ISO-2-CODE>AU</ISO-2-CODE><ISO-2-CODE>AU</ISO-2-CODE><ISO-3-Code>AUS</ISO-3-Code><ISO-3-Code>AUS</ISO-3-Code><ISO-M49>36</ISO-M49><ISO-M49>36</ISO-M49></entry><entry><Country>Austria</Country><Country>Austria</Country><ISO-2-CODE>AT</ISO-2-CODE><ISO-2-CODE>AT</ISO-2-CODE><ISO-3-Code>AUT</ISO-3-Code><ISO-3-Code>AUT</ISO-3-Code><ISO-M49>40</ISO-M49><ISO-M49>40</ISO-M49></entry><entry><Country>Azerbaijan</Country><Country>Azerbaijan</Country><ISO-2-CODE>AZ</ISO-2-CODE><ISO-2-CODE>AZ</ISO-2-CODE><ISO-3-Code>AZE</ISO-3-Code><ISO-3-Code>AZE</ISO-3-Code><ISO-M49>31</ISO-M49><ISO-M49>31</ISO-M49></entry><entry><Country>Bahamas</Country><Country>Bahamas</Country><ISO-2-CODE>BS</ISO-2-CODE><ISO-2-CODE>BS</ISO-2-CODE><ISO-3-Code>BHS</ISO-3-Code><ISO-3-Code>BHS</ISO-3-Code><ISO-M49>44</ISO-M49><ISO-M49>44</ISO-M49></entry><entry><Country>Bahrain</Country><Country>Bahrain</Country><ISO-2-CODE>BH</ISO-2-CODE><ISO-2-CODE>BH</ISO-2-CODE><ISO-3-Code>BHR</ISO-3-Code><ISO-3-Code>BHR</ISO-3-Code><ISO-M49>48</ISO-M49><ISO-M49>48</ISO-M49></entry><entry><Country>Bangladesh</Country><Country>Bangladesh</Country><ISO-2-CODE>BD</ISO-2-CODE><ISO-2-CODE>BD</ISO-2-CODE><ISO-3-Code>BGD</ISO-3-Code><ISO-3-Code>BGD</ISO-3-Code><ISO-M49>50</ISO-M49><ISO-M49>50</ISO-M49></entry><entry><Country>Barbados</Country><Country>Barbados</Country><ISO-2-CODE>BB</ISO-2-CODE><ISO-2-CODE>BB</ISO-2-CODE><ISO-3-Code>BRB</ISO-3-Code><ISO-3-Code>BRB</ISO-3-Code><ISO-M49>52</ISO-M49><ISO-M49>52</ISO-M49></entry><entry><Country>Belarus</Country><Country>Belarus</Country><ISO-2-CODE>BY</ISO-2-CODE><ISO-2-CODE>BY</ISO-2-CODE><ISO-3-Code>BLR</ISO-3-Code><ISO-3-Code>BLR</ISO-3-Code><ISO-M49>112</ISO-M49><ISO-M49>112</ISO-M49></entry><entry><Country>Belgium</Country><Country>Belgium</Country><ISO-2-CODE>BE</ISO-2-CODE><ISO-2-CODE>BE</ISO-2-CODE><ISO-3-Code>BEL</ISO-3-Code><ISO-3-Code>BEL</ISO-3-Code><ISO-M49>56</ISO-M49><ISO-M49>56</ISO-M49></entry><entry><Country>Belize</Country><Country>Belize</Country><ISO-2-CODE>BZ</ISO-2-CODE><ISO-2-CODE>BZ</ISO-2-CODE><ISO-3-Code>BLZ</ISO-3-Code><ISO-3-Code>BLZ</ISO-3-Code><ISO-M49>84</ISO-M49><ISO-M49>84</ISO-M49></entry><entry><Country>Benin</Country><Country>Benin</Country><ISO-2-CODE>BJ</ISO-2-CODE><ISO-2-CODE>BJ</ISO-2-CODE><ISO-3-Code>BEN</ISO-3-Code><ISO-3-Code>BEN</ISO-3-Code><ISO-M49>204</ISO-M49><ISO-M49>204</ISO-M49></entry><entry><Country>Bermuda</Country><Country>Bermuda</Country><ISO-2-CODE>BM</ISO-2-CODE><ISO-2-CODE>BM</ISO-2-CODE><ISO-3-Code>BMU</ISO-3-Code><ISO-3-Code>BMU</ISO-3-Code><ISO-M49>60</ISO-M49><ISO-M49>60</ISO-M49></entry><entry><Country>Bhutan</Country><Country>Bhutan</Country><ISO-2-CODE>BT</ISO-2-CODE><ISO-2-CODE>BT</ISO-2-CODE><ISO-3-Code>BTN</ISO-3-Code><ISO-3-Code>BTN</ISO-3-Code><ISO-M49>64</ISO-M49><ISO-M49>64</ISO-M49></entry><entry><Country>Bolivia</Country><Country>Bolivia</Country><ISO-2-CODE>BO</ISO-2-CODE><ISO-2-CODE>BO</ISO-2-CODE><ISO-3-Code>BOL</ISO-3-Code><ISO-3-Code>BOL</ISO-3-Code><ISO-M49>68</ISO-M49><ISO-M49>68</ISO-M49></entry><entry><Country>Bosnia and Herzegovina</Country><Country>Bosnia and Herzegovina</Country><ISO-2-CODE>BA</ISO-2-CODE><ISO-2-CODE>BA</ISO-2-CODE><ISO-3-Code>BIH</ISO-3-Code><ISO-3-Code>BIH</ISO-3-Code><ISO-M49>70</ISO-M49><ISO-M49>70</ISO-M49></entry><entry><Country>Botswana</Country><Country>Botswana</Country><ISO-2-CODE>BW</ISO-2-CODE><ISO-2-CODE>BW</ISO-2-CODE><ISO-3-Code>BWA</ISO-3-Code><ISO-3-Code>BWA</ISO-3-Code><ISO-M49>72</ISO-M49><ISO-M49>72</ISO-M49></entry><entry><Country>Bouvet Island</Country><Country>Bouvet Island</Country><ISO-2-CODE>BV</ISO-2-CODE><ISO-2-CODE>BV</ISO-2-CODE><ISO-3-Code>BVT</ISO-3-Code><ISO-3-Code>BVT</ISO-3-Code><ISO-M49>74</ISO-M49><ISO-M49>74</ISO-M49></entry><entry><Country>Brazil</Country><Country>Brazil</Country><ISO-2-CODE>BR</ISO-2-CODE><ISO-2-CODE>BR</ISO-2-CODE><ISO-3-Code>BRA</ISO-3-Code><ISO-3-Code>BRA</ISO-3-Code><ISO-M49>76</ISO-M49><ISO-M49>76</ISO-M49></entry><entry><Country>British Virgin Islands</Country><Country>British Virgin Islands</Country><ISO-2-CODE>VG</ISO-2-CODE><ISO-2-CODE>VG</ISO-2-CODE><ISO-3-Code>VGB</ISO-3-Code><ISO-3-Code>VGB</ISO-3-Code><ISO-M49>92</ISO-M49><ISO-M49>92</ISO-M49></entry><entry><Country>British Indian Ocean Territory</Country><Country>British Indian Ocean Territory</Country><ISO-2-CODE>IO</ISO-2-CODE><ISO-2-CODE>IO</ISO-2-CODE><ISO-3-Code>IOT</ISO-3-Code><ISO-3-Code>IOT</ISO-3-Code><ISO-M49>86</ISO-M49><ISO-M49>86</ISO-M49></entry><entry><Country>Brunei Darussalam</Country><Country>Brunei Darussalam</Country><ISO-2-CODE>BN</ISO-2-CODE><ISO-2-CODE>BN</ISO-2-CODE><ISO-3-Code>BRN</ISO-3-Code><ISO-3-Code>BRN</ISO-3-Code><ISO-M49>96</ISO-M49><ISO-M49>96</ISO-M49></entry><entry><Country>Bulgaria</Country><Country>Bulgaria</Country><ISO-2-CODE>BG</ISO-2-CODE><ISO-2-CODE>BG</ISO-2-CODE><ISO-3-Code>BGR</ISO-3-Code><ISO-3-Code>BGR</ISO-3-Code><ISO-M49>100</ISO-M49><ISO-M49>100</ISO-M49></entry><entry><Country>Burkina Faso</Country><Country>Burkina Faso</Country><ISO-2-CODE>BF</ISO-2-CODE><ISO-2-CODE>BF</ISO-2-CODE><ISO-3-Code>BFA</ISO-3-Code><ISO-3-Code>BFA</ISO-3-Code><ISO-M49>854</ISO-M49><ISO-M49>854</ISO-M49></entry><entry><Country>Burundi</Country><Country>Burundi</Country><ISO-2-CODE>BI</ISO-2-CODE><ISO-2-CODE>BI</ISO-2-CODE><ISO-3-Code>BDI</ISO-3-Code><ISO-3-Code>BDI</ISO-3-Code><ISO-M49>108</ISO-M49><ISO-M49>108</ISO-M49></entry><entry><Country>Cambodia</Country><Country>Cambodia</Country><ISO-2-CODE>KH</ISO-2-CODE><ISO-2-CODE>KH</ISO-2-CODE><ISO-3-Code>KHM</ISO-3-Code><ISO-3-Code>KHM</ISO-3-Code><ISO-M49>116</ISO-M49><ISO-M49>116</ISO-M49></entry><entry><Country>Cameroon</Country><Country>Cameroon</Country><ISO-2-CODE>CM</ISO-2-CODE><ISO-2-CODE>CM</ISO-2-CODE><ISO-3-Code>CMR</ISO-3-Code><ISO-3-Code>CMR</ISO-3-Code><ISO-M49>120</ISO-M49><ISO-M49>120</ISO-M49></entry><entry><Country>Canada</Country><Country>Canada</Country><ISO-2-CODE>CA</ISO-2-CODE><ISO-2-CODE>CA</ISO-2-CODE><ISO-3-Code>CAN</ISO-3-Code><ISO-3-Code>CAN</ISO-3-Code><ISO-M49>124</ISO-M49><ISO-M49>124</ISO-M49></entry><entry><Country>Cape Verde</Country><Country>Cape Verde</Country><ISO-2-CODE>CV</ISO-2-CODE><ISO-2-CODE>CV</ISO-2-CODE><ISO-3-Code>CPV</ISO-3-Code><ISO-3-Code>CPV</ISO-3-Code><ISO-M49>132</ISO-M49><ISO-M49>132</ISO-M49></entry><entry><Country>Cayman Islands</Country><Country>Cayman Islands</Country><ISO-2-CODE>KY</ISO-2-CODE><ISO-2-CODE>KY</ISO-2-CODE><ISO-3-Code>CYM</ISO-3-Code><ISO-3-Code>CYM</ISO-3-Code><ISO-M49>136</ISO-M49><ISO-M49>136</ISO-M49></entry><entry><Country>Central African Republic</Country><Country>Central African Republic</Country><ISO-2-CODE>CF</ISO-2-CODE><ISO-2-CODE>CF</ISO-2-CODE><ISO-3-Code>CAF</ISO-3-Code><ISO-3-Code>CAF</ISO-3-Code><ISO-M49>140</ISO-M49><ISO-M49>140</ISO-M49></entry><entry><Country>Chad</Country><Country>Chad</Country><ISO-2-CODE>TD</ISO-2-CODE><ISO-2-CODE>TD</ISO-2-CODE><ISO-3-Code>TCD</ISO-3-Code><ISO-3-Code>TCD</ISO-3-Code><ISO-M49>148</ISO-M49><ISO-M49>148</ISO-M49></entry><entry><Country>Chile</Country><Country>Chile</Country><ISO-2-CODE>CL</ISO-2-CODE><ISO-2-CODE>CL</ISO-2-CODE><ISO-3-Code>CHL</ISO-3-Code><ISO-3-Code>CHL</ISO-3-Code><ISO-M49>152</ISO-M49><ISO-M49>152</ISO-M49></entry><entry><Country>China</Country><Country>China</Country><ISO-2-CODE>CN</ISO-2-CODE><ISO-2-CODE>CN</ISO-2-CODE><ISO-3-Code>CHN</ISO-3-Code><ISO-3-Code>CHN</ISO-3-Code><ISO-M49>156</ISO-M49><ISO-M49>156</ISO-M49></entry><entry><Country>Hong Kong, SAR China</Country><Country>Hong Kong, SAR China</Country><ISO-2-CODE>HK</ISO-2-CODE><ISO-2-CODE>HK</ISO-2-CODE><ISO-3-Code>HKG</ISO-3-Code><ISO-3-Code>HKG</ISO-3-Code><ISO-M49>344</ISO-M49><ISO-M49>344</ISO-M49></entry><entry><Country>Macao, SAR China</Country><Country>Macao, SAR China</Country><ISO-2-CODE>MO</ISO-2-CODE><ISO-2-CODE>MO</ISO-2-CODE><ISO-3-Code>MAC</ISO-3-Code><ISO-3-Code>MAC</ISO-3-Code><ISO-M49>446</ISO-M49><ISO-M49>446</ISO-M49></entry><entry><Country>Christmas Island</Country><Country>Christmas Island</Country><ISO-2-CODE>CX</ISO-2-CODE><ISO-2-CODE>CX</ISO-2-CODE><ISO-3-Code>CXR</ISO-3-Code><ISO-3-Code>CXR</ISO-3-Code><ISO-M49>162</ISO-M49><ISO-M49>162</ISO-M49></entry><entry><Country>Cocos (Keeling) Islands</Country><Country>Cocos (Keeling) Islands</Country><ISO-2-CODE>CC</ISO-2-CODE><ISO-2-CODE>CC</ISO-2-CODE><ISO-3-Code>CCK</ISO-3-Code><ISO-3-Code>CCK</ISO-3-Code><ISO-M49>166</ISO-M49><ISO-M49>166</ISO-M49></entry><entry><Country>Colombia</Country><Country>Colombia</Country><ISO-2-CODE>CO</ISO-2-CODE><ISO-2-CODE>CO</ISO-2-CODE><ISO-3-Code>COL</ISO-3-Code><ISO-3-Code>COL</ISO-3-Code><ISO-M49>170</ISO-M49><ISO-M49>170</ISO-M49></entry><entry><Country>Comoros</Country><Country>Comoros</Country><ISO-2-CODE>KM</ISO-2-CODE><ISO-2-CODE>KM</ISO-2-CODE><ISO-3-Code>COM</ISO-3-Code><ISO-3-Code>COM</ISO-3-Code><ISO-M49>174</ISO-M49><ISO-M49>174</ISO-M49></entry><entry><Country>Congo&#255;(Brazzaville)</Country><Country>Congo&#255;(Brazzaville)</Country><ISO-2-CODE>CG</ISO-2-CODE><ISO-2-CODE>CG</ISO-2-CODE><ISO-3-Code>COG</ISO-3-Code><ISO-3-Code>COG</ISO-3-Code><ISO-M49>178</ISO-M49><ISO-M49>178</ISO-M49></entry><entry><Country>Congo, (Kinshasa)</Country><Country>Congo, (Kinshasa)</Country><ISO-2-CODE>CD</ISO-2-CODE><ISO-2-CODE>CD</ISO-2-CODE><ISO-3-Code>COD</ISO-3-Code><ISO-3-Code>COD</ISO-3-Code><ISO-M49>180</ISO-M49><ISO-M49>180</ISO-M49></entry><entry><Country>Cook Islands</Country><Country>Cook Islands</Country><ISO-2-CODE>CK</ISO-2-CODE><ISO-2-CODE>CK</ISO-2-CODE><ISO-3-Code>COK</ISO-3-Code><ISO-3-Code>COK</ISO-3-Code><ISO-M49>184</ISO-M49><ISO-M49>184</ISO-M49></entry><entry><Country>Costa Rica</Country><Country>Costa Rica</Country><ISO-2-CODE>CR</ISO-2-CODE><ISO-2-CODE>CR</ISO-2-CODE><ISO-3-Code>CRI</ISO-3-Code><ISO-3-Code>CRI</ISO-3-Code><ISO-M49>188</ISO-M49><ISO-M49>188</ISO-M49></entry><entry><Country>C&#147;te d'Ivoire</Country><Country>C&#147;te d'Ivoire</Country><ISO-2-CODE>CI</ISO-2-CODE><ISO-2-CODE>CI</ISO-2-CODE><ISO-3-Code>CIV</ISO-3-Code><ISO-3-Code>CIV</ISO-3-Code><ISO-M49>384</ISO-M49><ISO-M49>384</ISO-M49></entry><entry><Country>Croatia</Country><Country>Croatia</Country><ISO-2-CODE>HR</ISO-2-CODE><ISO-2-CODE>HR</ISO-2-CODE><ISO-3-Code>HRV</ISO-3-Code><ISO-3-Code>HRV</ISO-3-Code><ISO-M49>191</ISO-M49><ISO-M49>191</ISO-M49></entry><entry><Country>Cuba</Country><Country>Cuba</Country><ISO-2-CODE>CU</ISO-2-CODE><ISO-2-CODE>CU</ISO-2-CODE><ISO-3-Code>CUB</ISO-3-Code><ISO-3-Code>CUB</ISO-3-Code><ISO-M49>192</ISO-M49><ISO-M49>192</ISO-M49></entry><entry><Country>Cyprus</Country><Country>Cyprus</Country><ISO-2-CODE>CY</ISO-2-CODE><ISO-2-CODE>CY</ISO-2-CODE><ISO-3-Code>CYP</ISO-3-Code><ISO-3-Code>CYP</ISO-3-Code><ISO-M49>196</ISO-M49><ISO-M49>196</ISO-M49></entry><entry><Country>Czech Republic</Country><Country>Czech Republic</Country><ISO-2-CODE>CZ</ISO-2-CODE><ISO-2-CODE>CZ</ISO-2-CODE><ISO-3-Code>CZE</ISO-3-Code><ISO-3-Code>CZE</ISO-3-Code><ISO-M49>203</ISO-M49><ISO-M49>203</ISO-M49></entry><entry><Country>Denmark</Country><Country>Denmark</Country><ISO-2-CODE>DK</ISO-2-CODE><ISO-2-CODE>DK</ISO-2-CODE><ISO-3-Code>DNK</ISO-3-Code><ISO-3-Code>DNK</ISO-3-Code><ISO-M49>208</ISO-M49><ISO-M49>208</ISO-M49></entry><entry><Country>Djibouti</Country><Country>Djibouti</Country><ISO-2-CODE>DJ</ISO-2-CODE><ISO-2-CODE>DJ</ISO-2-CODE><ISO-3-Code>DJI</ISO-3-Code><ISO-3-Code>DJI</ISO-3-Code><ISO-M49>262</ISO-M49><ISO-M49>262</ISO-M49></entry><entry><Country>Dominica</Country><Country>Dominica</Country><ISO-2-CODE>DM</ISO-2-CODE><ISO-2-CODE>DM</ISO-2-CODE><ISO-3-Code>DMA</ISO-3-Code><ISO-3-Code>DMA</ISO-3-Code><ISO-M49>212</ISO-M49><ISO-M49>212</ISO-M49></entry><entry><Country>Dominican Republic</Country><Country>Dominican Republic</Country><ISO-2-CODE>DO</ISO-2-CODE><ISO-2-CODE>DO</ISO-2-CODE><ISO-3-Code>DOM</ISO-3-Code><ISO-3-Code>DOM</ISO-3-Code><ISO-M49>214</ISO-M49><ISO-M49>214</ISO-M49></entry><entry><Country>Ecuador</Country><Country>Ecuador</Country><ISO-2-CODE>EC</ISO-2-CODE><ISO-2-CODE>EC</ISO-2-CODE><ISO-3-Code>ECU</ISO-3-Code><ISO-3-Code>ECU</ISO-3-Code><ISO-M49>218</ISO-M49><ISO-M49>218</ISO-M49></entry><entry><Country>Egypt</Country><Country>Egypt</Country><ISO-2-CODE>EG</ISO-2-CODE><ISO-2-CODE>EG</ISO-2-CODE><ISO-3-Code>EGY</ISO-3-Code><ISO-3-Code>EGY</ISO-3-Code><ISO-M49>818</ISO-M49><ISO-M49>818</ISO-M49></entry><entry><Country>El Salvador</Country><Country>El Salvador</Country><ISO-2-CODE>SV</ISO-2-CODE><ISO-2-CODE>SV</ISO-2-CODE><ISO-3-Code>SLV</ISO-3-Code><ISO-3-Code>SLV</ISO-3-Code><ISO-M49>222</ISO-M49><ISO-M49>222</ISO-M49></entry><entry><Country>Equatorial Guinea</Country><Country>Equatorial Guinea</Country><ISO-2-CODE>GQ</ISO-2-CODE><ISO-2-CODE>GQ</ISO-2-CODE><ISO-3-Code>GNQ</ISO-3-Code><ISO-3-Code>GNQ</ISO-3-Code><ISO-M49>226</ISO-M49><ISO-M49>226</ISO-M49></entry><entry><Country>Eritrea</Country><Country>Eritrea</Country><ISO-2-CODE>ER</ISO-2-CODE><ISO-2-CODE>ER</ISO-2-CODE><ISO-3-Code>ERI</ISO-3-Code><ISO-3-Code>ERI</ISO-3-Code><ISO-M49>232</ISO-M49><ISO-M49>232</ISO-M49></entry><entry><Country>Estonia</Country><Country>Estonia</Country><ISO-2-CODE>EE</ISO-2-CODE><ISO-2-CODE>EE</ISO-2-CODE><ISO-3-Code>EST</ISO-3-Code><ISO-3-Code>EST</ISO-3-Code><ISO-M49>233</ISO-M49><ISO-M49>233</ISO-M49></entry><entry><Country>Ethiopia</Country><Country>Ethiopia</Country><ISO-2-CODE>ET</ISO-2-CODE><ISO-2-CODE>ET</ISO-2-CODE><ISO-3-Code>ETH</ISO-3-Code><ISO-3-Code>ETH</ISO-3-Code><ISO-M49>231</ISO-M49><ISO-M49>231</ISO-M49></entry><entry><Country>Falkland Islands (Malvinas)</Country><Country>Falkland Islands (Malvinas)</Country><ISO-2-CODE>FK</ISO-2-CODE><ISO-2-CODE>FK</ISO-2-CODE><ISO-3-Code>FLK</ISO-3-Code><ISO-3-Code>FLK</ISO-3-Code><ISO-M49>238</ISO-M49><ISO-M49>238</ISO-M49></entry><entry><Country>Faroe Islands</Country><Country>Faroe Islands</Country><ISO-2-CODE>FO</ISO-2-CODE><ISO-2-CODE>FO</ISO-2-CODE><ISO-3-Code>FRO</ISO-3-Code><ISO-3-Code>FRO</ISO-3-Code><ISO-M49>234</ISO-M49><ISO-M49>234</ISO-M49></entry><entry><Country>Fiji</Country><Country>Fiji</Country><ISO-2-CODE>FJ</ISO-2-CODE><ISO-2-CODE>FJ</ISO-2-CODE><ISO-3-Code>FJI</ISO-3-Code><ISO-3-Code>FJI</ISO-3-Code><ISO-M49>242</ISO-M49><ISO-M49>242</ISO-M49></entry><entry><Country>Finland</Country><Country>Finland</Country><ISO-2-CODE>FI</ISO-2-CODE><ISO-2-CODE>FI</ISO-2-CODE><ISO-3-Code>FIN</ISO-3-Code><ISO-3-Code>FIN</ISO-3-Code><ISO-M49>246</ISO-M49><ISO-M49>246</ISO-M49></entry><entry><Country>France</Country><Country>France</Country><ISO-2-CODE>FR</ISO-2-CODE><ISO-2-CODE>FR</ISO-2-CODE><ISO-3-Code>FRA</ISO-3-Code><ISO-3-Code>FRA</ISO-3-Code><ISO-M49>250</ISO-M49><ISO-M49>250</ISO-M49></entry><entry><Country>French Guiana</Country><Country>French Guiana</Country><ISO-2-CODE>GF</ISO-2-CODE><ISO-2-CODE>GF</ISO-2-CODE><ISO-3-Code>GUF</ISO-3-Code><ISO-3-Code>GUF</ISO-3-Code><ISO-M49>254</ISO-M49><ISO-M49>254</ISO-M49></entry><entry><Country>French Polynesia</Country><Country>French Polynesia</Country><ISO-2-CODE>PF</ISO-2-CODE><ISO-2-CODE>PF</ISO-2-CODE><ISO-3-Code>PYF</ISO-3-Code><ISO-3-Code>PYF</ISO-3-Code><ISO-M49>258</ISO-M49><ISO-M49>258</ISO-M49></entry><entry><Country>French Southern Territories</Country><Country>French Southern Territories</Country><ISO-2-CODE>TF</ISO-2-CODE><ISO-2-CODE>TF</ISO-2-CODE><ISO-3-Code>ATF</ISO-3-Code><ISO-3-Code>ATF</ISO-3-Code><ISO-M49>260</ISO-M49><ISO-M49>260</ISO-M49></entry><entry><Country>Gabon</Country><Country>Gabon</Country><ISO-2-CODE>GA</ISO-2-CODE><ISO-2-CODE>GA</ISO-2-CODE><ISO-3-Code>GAB</ISO-3-Code><ISO-3-Code>GAB</ISO-3-Code><ISO-M49>266</ISO-M49><ISO-M49>266</ISO-M49></entry><entry><Country>Gambia</Country><Country>Gambia</Country><ISO-2-CODE>GM</ISO-2-CODE><ISO-2-CODE>GM</ISO-2-CODE><ISO-3-Code>GMB</ISO-3-Code><ISO-3-Code>GMB</ISO-3-Code><ISO-M49>270</ISO-M49><ISO-M49>270</ISO-M49></entry><entry><Country>Georgia</Country><Country>Georgia</Country><ISO-2-CODE>GE</ISO-2-CODE><ISO-2-CODE>GE</ISO-2-CODE><ISO-3-Code>GEO</ISO-3-Code><ISO-3-Code>GEO</ISO-3-Code><ISO-M49>268</ISO-M49><ISO-M49>268</ISO-M49></entry><entry><Country>Germany</Country><Country>Germany</Country><ISO-2-CODE>DE</ISO-2-CODE><ISO-2-CODE>DE</ISO-2-CODE><ISO-3-Code>DEU</ISO-3-Code><ISO-3-Code>DEU</ISO-3-Code><ISO-M49>276</ISO-M49><ISO-M49>276</ISO-M49></entry><entry><Country>Ghana</Country><Country>Ghana</Country><ISO-2-CODE>GH</ISO-2-CODE><ISO-2-CODE>GH</ISO-2-CODE><ISO-3-Code>GHA</ISO-3-Code><ISO-3-Code>GHA</ISO-3-Code><ISO-M49>288</ISO-M49><ISO-M49>288</ISO-M49></entry><entry><Country>Gibraltar</Country><Country>Gibraltar</Country><ISO-2-CODE>GI</ISO-2-CODE><ISO-2-CODE>GI</ISO-2-CODE><ISO-3-Code>GIB</ISO-3-Code><ISO-3-Code>GIB</ISO-3-Code><ISO-M49>292</ISO-M49><ISO-M49>292</ISO-M49></entry><entry><Country>Greece</Country><Country>Greece</Country><ISO-2-CODE>GR</ISO-2-CODE><ISO-2-CODE>GR</ISO-2-CODE><ISO-3-Code>GRC</ISO-3-Code><ISO-3-Code>GRC</ISO-3-Code><ISO-M49>300</ISO-M49><ISO-M49>300</ISO-M49></entry><entry><Country>Greenland</Country><Country>Greenland</Country><ISO-2-CODE>GL</ISO-2-CODE><ISO-2-CODE>GL</ISO-2-CODE><ISO-3-Code>GRL</ISO-3-Code><ISO-3-Code>GRL</ISO-3-Code><ISO-M49>304</ISO-M49><ISO-M49>304</ISO-M49></entry><entry><Country>Grenada</Country><Country>Grenada</Country><ISO-2-CODE>GD</ISO-2-CODE><ISO-2-CODE>GD</ISO-2-CODE><ISO-3-Code>GRD</ISO-3-Code><ISO-3-Code>GRD</ISO-3-Code><ISO-M49>308</ISO-M49><ISO-M49>308</ISO-M49></entry><entry><Country>Guadeloupe</Country><Country>Guadeloupe</Country><ISO-2-CODE>GP</ISO-2-CODE><ISO-2-CODE>GP</ISO-2-CODE><ISO-3-Code>GLP</ISO-3-Code><ISO-3-Code>GLP</ISO-3-Code><ISO-M49>312</ISO-M49><ISO-M49>312</ISO-M49></entry><entry><Country>Guam</Country><Country>Guam</Country><ISO-2-CODE>GU</ISO-2-CODE><ISO-2-CODE>GU</ISO-2-CODE><ISO-3-Code>GUM</ISO-3-Code><ISO-3-Code>GUM</ISO-3-Code><ISO-M49>316</ISO-M49><ISO-M49>316</ISO-M49></entry><entry><Country>Guatemala</Country><Country>Guatemala</Country><ISO-2-CODE>GT</ISO-2-CODE><ISO-2-CODE>GT</ISO-2-CODE><ISO-3-Code>GTM</ISO-3-Code><ISO-3-Code>GTM</ISO-3-Code><ISO-M49>320</ISO-M49><ISO-M49>320</ISO-M49></entry><entry><Country>Guernsey</Country><Country>Guernsey</Country><ISO-2-CODE>GG</ISO-2-CODE><ISO-2-CODE>GG</ISO-2-CODE><ISO-3-Code>GGY</ISO-3-Code><ISO-3-Code>GGY</ISO-3-Code><ISO-M49>831</ISO-M49><ISO-M49>831</ISO-M49></entry><entry><Country>Guinea</Country><Country>Guinea</Country><ISO-2-CODE>GN</ISO-2-CODE><ISO-2-CODE>GN</ISO-2-CODE><ISO-3-Code>GIN</ISO-3-Code><ISO-3-Code>GIN</ISO-3-Code><ISO-M49>324</ISO-M49><ISO-M49>324</ISO-M49></entry><entry><Country>Guinea-Bissau</Country><Country>Guinea-Bissau</Country><ISO-2-CODE>GW</ISO-2-CODE><ISO-2-CODE>GW</ISO-2-CODE><ISO-3-Code>GNB</ISO-3-Code><ISO-3-Code>GNB</ISO-3-Code><ISO-M49>624</ISO-M49><ISO-M49>624</ISO-M49></entry><entry><Country>Guyana</Country><Country>Guyana</Country><ISO-2-CODE>GY</ISO-2-CODE><ISO-2-CODE>GY</ISO-2-CODE><ISO-3-Code>GUY</ISO-3-Code><ISO-3-Code>GUY</ISO-3-Code><ISO-M49>328</ISO-M49><ISO-M49>328</ISO-M49></entry><entry><Country>Haiti</Country><Country>Haiti</Country><ISO-2-CODE>HT</ISO-2-CODE><ISO-2-CODE>HT</ISO-2-CODE><ISO-3-Code>HTI</ISO-3-Code><ISO-3-Code>HTI</ISO-3-Code><ISO-M49>332</ISO-M49><ISO-M49>332</ISO-M49></entry><entry><Country>Heard and Mcdonald Islands</Country><Country>Heard and Mcdonald Islands</Country><ISO-2-CODE>HM</ISO-2-CODE><ISO-2-CODE>HM</ISO-2-CODE><ISO-3-Code>HMD</ISO-3-Code><ISO-3-Code>HMD</ISO-3-Code><ISO-M49>334</ISO-M49><ISO-M49>334</ISO-M49></entry><entry><Country>Holy See&#255;(Vatican City State)</Country><Country>Holy See&#255;(Vatican City State)</Country><ISO-2-CODE>VA</ISO-2-CODE><ISO-2-CODE>VA</ISO-2-CODE><ISO-3-Code>VAT</ISO-3-Code><ISO-3-Code>VAT</ISO-3-Code><ISO-M49>336</ISO-M49><ISO-M49>336</ISO-M49></entry><entry><Country>Honduras</Country><Country>Honduras</Country><ISO-2-CODE>HN</ISO-2-CODE><ISO-2-CODE>HN</ISO-2-CODE><ISO-3-Code>HND</ISO-3-Code><ISO-3-Code>HND</ISO-3-Code><ISO-M49>340</ISO-M49><ISO-M49>340</ISO-M49></entry><entry><Country>Hungary</Country><Country>Hungary</Country><ISO-2-CODE>HU</ISO-2-CODE><ISO-2-CODE>HU</ISO-2-CODE><ISO-3-Code>HUN</ISO-3-Code><ISO-3-Code>HUN</ISO-3-Code><ISO-M49>348</ISO-M49><ISO-M49>348</ISO-M49></entry><entry><Country>Iceland</Country><Country>Iceland</Country><ISO-2-CODE>IS</ISO-2-CODE><ISO-2-CODE>IS</ISO-2-CODE><ISO-3-Code>ISL</ISO-3-Code><ISO-3-Code>ISL</ISO-3-Code><ISO-M49>352</ISO-M49><ISO-M49>352</ISO-M49></entry><entry><Country>India</Country><Country>India</Country><ISO-2-CODE>IN</ISO-2-CODE><ISO-2-CODE>IN</ISO-2-CODE><ISO-3-Code>IND</ISO-3-Code><ISO-3-Code>IND</ISO-3-Code><ISO-M49>356</ISO-M49><ISO-M49>356</ISO-M49></entry><entry><Country>Indonesia</Country><Country>Indonesia</Country><ISO-2-CODE>ID</ISO-2-CODE><ISO-2-CODE>ID</ISO-2-CODE><ISO-3-Code>IDN</ISO-3-Code><ISO-3-Code>IDN</ISO-3-Code><ISO-M49>360</ISO-M49><ISO-M49>360</ISO-M49></entry><entry><Country>Iran, Islamic Republic of</Country><Country>Iran, Islamic Republic of</Country><ISO-2-CODE>IR</ISO-2-CODE><ISO-2-CODE>IR</ISO-2-CODE><ISO-3-Code>IRN</ISO-3-Code><ISO-3-Code>IRN</ISO-3-Code><ISO-M49>364</ISO-M49><ISO-M49>364</ISO-M49></entry><entry><Country>Iraq</Country><Country>Iraq</Country><ISO-2-CODE>IQ</ISO-2-CODE><ISO-2-CODE>IQ</ISO-2-CODE><ISO-3-Code>IRQ</ISO-3-Code><ISO-3-Code>IRQ</ISO-3-Code><ISO-M49>368</ISO-M49><ISO-M49>368</ISO-M49></entry><entry><Country>Ireland</Country><Country>Ireland</Country><ISO-2-CODE>IE</ISO-2-CODE><ISO-2-CODE>IE</ISO-2-CODE><ISO-3-Code>IRL</ISO-3-Code><ISO-3-Code>IRL</ISO-3-Code><ISO-M49>372</ISO-M49><ISO-M49>372</ISO-M49></entry><entry><Country>Isle of Man</Country><Country>Isle of Man</Country><ISO-2-CODE>IM</ISO-2-CODE><ISO-2-CODE>IM</ISO-2-CODE><ISO-3-Code>IMN</ISO-3-Code><ISO-3-Code>IMN</ISO-3-Code><ISO-M49>833</ISO-M49><ISO-M49>833</ISO-M49></entry><entry><Country>Israel</Country><Country>Israel</Country><ISO-2-CODE>IL</ISO-2-CODE><ISO-2-CODE>IL</ISO-2-CODE><ISO-3-Code>ISR</ISO-3-Code><ISO-3-Code>ISR</ISO-3-Code><ISO-M49>376</ISO-M49><ISO-M49>376</ISO-M49></entry><entry><Country>Italy</Country><Country>Italy</Country><ISO-2-CODE>IT</ISO-2-CODE><ISO-2-CODE>IT</ISO-2-CODE><ISO-3-Code>ITA</ISO-3-Code><ISO-3-Code>ITA</ISO-3-Code><ISO-M49>380</ISO-M49><ISO-M49>380</ISO-M49></entry><entry><Country>Jamaica</Country><Country>Jamaica</Country><ISO-2-CODE>JM</ISO-2-CODE><ISO-2-CODE>JM</ISO-2-CODE><ISO-3-Code>JAM</ISO-3-Code><ISO-3-Code>JAM</ISO-3-Code><ISO-M49>388</ISO-M49><ISO-M49>388</ISO-M49></entry><entry><Country>Japan</Country><Country>Japan</Country><ISO-2-CODE>JP</ISO-2-CODE><ISO-2-CODE>JP</ISO-2-CODE><ISO-3-Code>JPN</ISO-3-Code><ISO-3-Code>JPN</ISO-3-Code><ISO-M49>392</ISO-M49><ISO-M49>392</ISO-M49></entry><entry><Country>Jersey</Country><Country>Jersey</Country><ISO-2-CODE>JE</ISO-2-CODE><ISO-2-CODE>JE</ISO-2-CODE><ISO-3-Code>JEY</ISO-3-Code><ISO-3-Code>JEY</ISO-3-Code><ISO-M49>832</ISO-M49><ISO-M49>832</ISO-M49></entry><entry><Country>Jordan</Country><Country>Jordan</Country><ISO-2-CODE>JO</ISO-2-CODE><ISO-2-CODE>JO</ISO-2-CODE><ISO-3-Code>JOR</ISO-3-Code><ISO-3-Code>JOR</ISO-3-Code><ISO-M49>400</ISO-M49><ISO-M49>400</ISO-M49></entry><entry><Country>Kazakhstan</Country><Country>Kazakhstan</Country><ISO-2-CODE>KZ</ISO-2-CODE><ISO-2-CODE>KZ</ISO-2-CODE><ISO-3-Code>KAZ</ISO-3-Code><ISO-3-Code>KAZ</ISO-3-Code><ISO-M49>398</ISO-M49><ISO-M49>398</ISO-M49></entry><entry><Country>Kenya</Country><Country>Kenya</Country><ISO-2-CODE>KE</ISO-2-CODE><ISO-2-CODE>KE</ISO-2-CODE><ISO-3-Code>KEN</ISO-3-Code><ISO-3-Code>KEN</ISO-3-Code><ISO-M49>404</ISO-M49><ISO-M49>404</ISO-M49></entry><entry><Country>Kiribati</Country><Country>Kiribati</Country><ISO-2-CODE>KI</ISO-2-CODE><ISO-2-CODE>KI</ISO-2-CODE><ISO-3-Code>KIR</ISO-3-Code><ISO-3-Code>KIR</ISO-3-Code><ISO-M49>296</ISO-M49><ISO-M49>296</ISO-M49></entry><entry><Country>Korea&#255;(North)</Country><Country>Korea&#255;(North)</Country><ISO-2-CODE>KP</ISO-2-CODE><ISO-2-CODE>KP</ISO-2-CODE><ISO-3-Code>PRK</ISO-3-Code><ISO-3-Code>PRK</ISO-3-Code><ISO-M49>408</ISO-M49><ISO-M49>408</ISO-M49></entry><entry><Country>Korea&#255;(South)</Country><Country>Korea&#255;(South)</Country><ISO-2-CODE>KR</ISO-2-CODE><ISO-2-CODE>KR</ISO-2-CODE><ISO-3-Code>KOR</ISO-3-Code><ISO-3-Code>KOR</ISO-3-Code><ISO-M49>410</ISO-M49><ISO-M49>410</ISO-M49></entry><entry><Country>Kuwait</Country><Country>Kuwait</Country><ISO-2-CODE>KW</ISO-2-CODE><ISO-2-CODE>KW</ISO-2-CODE><ISO-3-Code>KWT</ISO-3-Code><ISO-3-Code>KWT</ISO-3-Code><ISO-M49>414</ISO-M49><ISO-M49>414</ISO-M49></entry><entry><Country>Kyrgyzstan</Country><Country>Kyrgyzstan</Country><ISO-2-CODE>KG</ISO-2-CODE><ISO-2-CODE>KG</ISO-2-CODE><ISO-3-Code>KGZ</ISO-3-Code><ISO-3-Code>KGZ</ISO-3-Code><ISO-M49>417</ISO-M49><ISO-M49>417</ISO-M49></entry><entry><Country>Lao PDR</Country><Country>Lao PDR</Country><ISO-2-CODE>LA</ISO-2-CODE><ISO-2-CODE>LA</ISO-2-CODE><ISO-3-Code>LAO</ISO-3-Code><ISO-3-Code>LAO</ISO-3-Code><ISO-M49>418</ISO-M49><ISO-M49>418</ISO-M49></entry><entry><Country>Latvia</Country><Country>Latvia</Country><ISO-2-CODE>LV</ISO-2-CODE><ISO-2-CODE>LV</ISO-2-CODE><ISO-3-Code>LVA</ISO-3-Code><ISO-3-Code>LVA</ISO-3-Code><ISO-M49>428</ISO-M49><ISO-M49>428</ISO-M49></entry><entry><Country>Lebanon</Country><Country>Lebanon</Country><ISO-2-CODE>LB</ISO-2-CODE><ISO-2-CODE>LB</ISO-2-CODE><ISO-3-Code>LBN</ISO-3-Code><ISO-3-Code>LBN</ISO-3-Code><ISO-M49>422</ISO-M49><ISO-M49>422</ISO-M49></entry><entry><Country>Lesotho</Country><Country>Lesotho</Country><ISO-2-CODE>LS</ISO-2-CODE><ISO-2-CODE>LS</ISO-2-CODE><ISO-3-Code>LSO</ISO-3-Code><ISO-3-Code>LSO</ISO-3-Code><ISO-M49>426</ISO-M49><ISO-M49>426</ISO-M49></entry><entry><Country>Liberia</Country><Country>Liberia</Country><ISO-2-CODE>LR</ISO-2-CODE><ISO-2-CODE>LR</ISO-2-CODE><ISO-3-Code>LBR</ISO-3-Code><ISO-3-Code>LBR</ISO-3-Code><ISO-M49>430</ISO-M49><ISO-M49>430</ISO-M49></entry><entry><Country>Libya</Country><Country>Libya</Country><ISO-2-CODE>LY</ISO-2-CODE><ISO-2-CODE>LY</ISO-2-CODE><ISO-3-Code>LBY</ISO-3-Code><ISO-3-Code>LBY</ISO-3-Code><ISO-M49>434</ISO-M49><ISO-M49>434</ISO-M49></entry><entry><Country>Liechtenstein</Country><Country>Liechtenstein</Country><ISO-2-CODE>LI</ISO-2-CODE><ISO-2-CODE>LI</ISO-2-CODE><ISO-3-Code>LIE</ISO-3-Code><ISO-3-Code>LIE</ISO-3-Code><ISO-M49>438</ISO-M49><ISO-M49>438</ISO-M49></entry><entry><Country>Lithuania</Country><Country>Lithuania</Country><ISO-2-CODE>LT</ISO-2-CODE><ISO-2-CODE>LT</ISO-2-CODE><ISO-3-Code>LTU</ISO-3-Code><ISO-3-Code>LTU</ISO-3-Code><ISO-M49>440</ISO-M49><ISO-M49>440</ISO-M49></entry><entry><Country>Luxembourg</Country><Country>Luxembourg</Country><ISO-2-CODE>LU</ISO-2-CODE><ISO-2-CODE>LU</ISO-2-CODE><ISO-3-Code>LUX</ISO-3-Code><ISO-3-Code>LUX</ISO-3-Code><ISO-M49>442</ISO-M49><ISO-M49>442</ISO-M49></entry><entry><Country>Macedonia, Republic of</Country><Country>Macedonia, Republic of</Country><ISO-2-CODE>MK</ISO-2-CODE><ISO-2-CODE>MK</ISO-2-CODE><ISO-3-Code>MKD</ISO-3-Code><ISO-3-Code>MKD</ISO-3-Code><ISO-M49>807</ISO-M49><ISO-M49>807</ISO-M49></entry><entry><Country>Madagascar</Country><Country>Madagascar</Country><ISO-2-CODE>MG</ISO-2-CODE><ISO-2-CODE>MG</ISO-2-CODE><ISO-3-Code>MDG</ISO-3-Code><ISO-3-Code>MDG</ISO-3-Code><ISO-M49>450</ISO-M49><ISO-M49>450</ISO-M49></entry><entry><Country>Malawi</Country><Country>Malawi</Country><ISO-2-CODE>MW</ISO-2-CODE><ISO-2-CODE>MW</ISO-2-CODE><ISO-3-Code>MWI</ISO-3-Code><ISO-3-Code>MWI</ISO-3-Code><ISO-M49>454</ISO-M49><ISO-M49>454</ISO-M49></entry><entry><Country>Malaysia</Country><Country>Malaysia</Country><ISO-2-CODE>MY</ISO-2-CODE><ISO-2-CODE>MY</ISO-2-CODE><ISO-3-Code>MYS</ISO-3-Code><ISO-3-Code>MYS</ISO-3-Code><ISO-M49>458</ISO-M49><ISO-M49>458</ISO-M49></entry><entry><Country>Maldives</Country><Country>Maldives</Country><ISO-2-CODE>MV</ISO-2-CODE><ISO-2-CODE>MV</ISO-2-CODE><ISO-3-Code>MDV</ISO-3-Code><ISO-3-Code>MDV</ISO-3-Code><ISO-M49>462</ISO-M49><ISO-M49>462</ISO-M49></entry><entry><Country>Mali</Country><Country>Mali</Country><ISO-2-CODE>ML</ISO-2-CODE><ISO-2-CODE>ML</ISO-2-CODE><ISO-3-Code>MLI</ISO-3-Code><ISO-3-Code>MLI</ISO-3-Code><ISO-M49>466</ISO-M49><ISO-M49>466</ISO-M49></entry><entry><Country>Malta</Country><Country>Malta</Country><ISO-2-CODE>MT</ISO-2-CODE><ISO-2-CODE>MT</ISO-2-CODE><ISO-3-Code>MLT</ISO-3-Code><ISO-3-Code>MLT</ISO-3-Code><ISO-M49>470</ISO-M49><ISO-M49>470</ISO-M49></entry><entry><Country>Marshall Islands</Country><Country>Marshall Islands</Country><ISO-2-CODE>MH</ISO-2-CODE><ISO-2-CODE>MH</ISO-2-CODE><ISO-3-Code>MHL</ISO-3-Code><ISO-3-Code>MHL</ISO-3-Code><ISO-M49>584</ISO-M49><ISO-M49>584</ISO-M49></entry><entry><Country>Martinique</Country><Country>Martinique</Country><ISO-2-CODE>MQ</ISO-2-CODE><ISO-2-CODE>MQ</ISO-2-CODE><ISO-3-Code>MTQ</ISO-3-Code><ISO-3-Code>MTQ</ISO-3-Code><ISO-M49>474</ISO-M49><ISO-M49>474</ISO-M49></entry><entry><Country>Mauritania</Country><Country>Mauritania</Country><ISO-2-CODE>MR</ISO-2-CODE><ISO-2-CODE>MR</ISO-2-CODE><ISO-3-Code>MRT</ISO-3-Code><ISO-3-Code>MRT</ISO-3-Code><ISO-M49>478</ISO-M49><ISO-M49>478</ISO-M49></entry><entry><Country>Mauritius</Country><Country>Mauritius</Country><ISO-2-CODE>MU</ISO-2-CODE><ISO-2-CODE>MU</ISO-2-CODE><ISO-3-Code>MUS</ISO-3-Code><ISO-3-Code>MUS</ISO-3-Code><ISO-M49>480</ISO-M49><ISO-M49>480</ISO-M49></entry><entry><Country>Mayotte</Country><Country>Mayotte</Country><ISO-2-CODE>YT</ISO-2-CODE><ISO-2-CODE>YT</ISO-2-CODE><ISO-3-Code>MYT</ISO-3-Code><ISO-3-Code>MYT</ISO-3-Code><ISO-M49>175</ISO-M49><ISO-M49>175</ISO-M49></entry><entry><Country>Mexico</Country><Country>Mexico</Country><ISO-2-CODE>MX</ISO-2-CODE><ISO-2-CODE>MX</ISO-2-CODE><ISO-3-Code>MEX</ISO-3-Code><ISO-3-Code>MEX</ISO-3-Code><ISO-M49>484</ISO-M49><ISO-M49>484</ISO-M49></entry><entry><Country>Micronesia, Federated States of</Country><Country>Micronesia, Federated States of</Country><ISO-2-CODE>FM</ISO-2-CODE><ISO-2-CODE>FM</ISO-2-CODE><ISO-3-Code>FSM</ISO-3-Code><ISO-3-Code>FSM</ISO-3-Code><ISO-M49>583</ISO-M49><ISO-M49>583</ISO-M49></entry><entry><Country>Moldova</Country><Country>Moldova</Country><ISO-2-CODE>MD</ISO-2-CODE><ISO-2-CODE>MD</ISO-2-CODE><ISO-3-Code>MDA</ISO-3-Code><ISO-3-Code>MDA</ISO-3-Code><ISO-M49>498</ISO-M49><ISO-M49>498</ISO-M49></entry><entry><Country>Monaco</Country><Country>Monaco</Country><ISO-2-CODE>MC</ISO-2-CODE><ISO-2-CODE>MC</ISO-2-CODE><ISO-3-Code>MCO</ISO-3-Code><ISO-3-Code>MCO</ISO-3-Code><ISO-M49>492</ISO-M49><ISO-M49>492</ISO-M49></entry><entry><Country>Mongolia</Country><Country>Mongolia</Country><ISO-2-CODE>MN</ISO-2-CODE><ISO-2-CODE>MN</ISO-2-CODE><ISO-3-Code>MNG</ISO-3-Code><ISO-3-Code>MNG</ISO-3-Code><ISO-M49>496</ISO-M49><ISO-M49>496</ISO-M49></entry><entry><Country>Montenegro</Country><Country>Montenegro</Country><ISO-2-CODE>ME</ISO-2-CODE><ISO-2-CODE>ME</ISO-2-CODE><ISO-3-Code>MNE</ISO-3-Code><ISO-3-Code>MNE</ISO-3-Code><ISO-M49>499</ISO-M49><ISO-M49>499</ISO-M49></entry><entry><Country>Montserrat</Country><Country>Montserrat</Country><ISO-2-CODE>MS</ISO-2-CODE><ISO-2-CODE>MS</ISO-2-CODE><ISO-3-Code>MSR</ISO-3-Code><ISO-3-Code>MSR</ISO-3-Code><ISO-M49>500</ISO-M49><ISO-M49>500</ISO-M49></entry><entry><Country>Morocco</Country><Country>Morocco</Country><ISO-2-CODE>MA</ISO-2-CODE><ISO-2-CODE>MA</ISO-2-CODE><ISO-3-Code>MAR</ISO-3-Code><ISO-3-Code>MAR</ISO-3-Code><ISO-M49>504</ISO-M49><ISO-M49>504</ISO-M49></entry><entry><Country>Mozambique</Country><Country>Mozambique</Country><ISO-2-CODE>MZ</ISO-2-CODE><ISO-2-CODE>MZ</ISO-2-CODE><ISO-3-Code>MOZ</ISO-3-Code><ISO-3-Code>MOZ</ISO-3-Code><ISO-M49>508</ISO-M49><ISO-M49>508</ISO-M49></entry><entry><Country>Myanmar</Country><Country>Myanmar</Country><ISO-2-CODE>MM</ISO-2-CODE><ISO-2-CODE>MM</ISO-2-CODE><ISO-3-Code>MMR</ISO-3-Code><ISO-3-Code>MMR</ISO-3-Code><ISO-M49>104</ISO-M49><ISO-M49>104</ISO-M49></entry><entry><Country>Namibia</Country><Country>Namibia</Country><ISO-2-CODE>n/a</ISO-2-CODE><ISO-2-CODE>n/a</ISO-2-CODE><ISO-3-Code>NAM</ISO-3-Code><ISO-3-Code>NAM</ISO-3-Code><ISO-M49>516</ISO-M49><ISO-M49>516</ISO-M49></entry><entry><Country>Nauru</Country><Country>Nauru</Country><ISO-2-CODE>NR</ISO-2-CODE><ISO-2-CODE>NR</ISO-2-CODE><ISO-3-Code>NRU</ISO-3-Code><ISO-3-Code>NRU</ISO-3-Code><ISO-M49>520</ISO-M49><ISO-M49>520</ISO-M49></entry><entry><Country>Nepal</Country><Country>Nepal</Country><ISO-2-CODE>NP</ISO-2-CODE><ISO-2-CODE>NP</ISO-2-CODE><ISO-3-Code>NPL</ISO-3-Code><ISO-3-Code>NPL</ISO-3-Code><ISO-M49>524</ISO-M49><ISO-M49>524</ISO-M49></entry><entry><Country>Netherlands</Country><Country>Netherlands</Country><ISO-2-CODE>NL</ISO-2-CODE><ISO-2-CODE>NL</ISO-2-CODE><ISO-3-Code>NLD</ISO-3-Code><ISO-3-Code>NLD</ISO-3-Code><ISO-M49>528</ISO-M49><ISO-M49>528</ISO-M49></entry><entry><Country>Netherlands Antilles</Country><Country>Netherlands Antilles</Country><ISO-2-CODE>AN</ISO-2-CODE><ISO-2-CODE>AN</ISO-2-CODE><ISO-3-Code>ANT</ISO-3-Code><ISO-3-Code>ANT</ISO-3-Code><ISO-M49>530</ISO-M49><ISO-M49>530</ISO-M49></entry><entry><Country>New Caledonia</Country><Country>New Caledonia</Country><ISO-2-CODE>NC</ISO-2-CODE><ISO-2-CODE>NC</ISO-2-CODE><ISO-3-Code>NCL</ISO-3-Code><ISO-3-Code>NCL</ISO-3-Code><ISO-M49>540</ISO-M49><ISO-M49>540</ISO-M49></entry><entry><Country>New Zealand</Country><Country>New Zealand</Country><ISO-2-CODE>NZ</ISO-2-CODE><ISO-2-CODE>NZ</ISO-2-CODE><ISO-3-Code>NZL</ISO-3-Code><ISO-3-Code>NZL</ISO-3-Code><ISO-M49>554</ISO-M49><ISO-M49>554</ISO-M49></entry><entry><Country>Nicaragua</Country><Country>Nicaragua</Country><ISO-2-CODE>NI</ISO-2-CODE><ISO-2-CODE>NI</ISO-2-CODE><ISO-3-Code>NIC</ISO-3-Code><ISO-3-Code>NIC</ISO-3-Code><ISO-M49>558</ISO-M49><ISO-M49>558</ISO-M49></entry><entry><Country>Niger</Country><Country>Niger</Country><ISO-2-CODE>NE</ISO-2-CODE><ISO-2-CODE>NE</ISO-2-CODE><ISO-3-Code>NER</ISO-3-Code><ISO-3-Code>NER</ISO-3-Code><ISO-M49>562</ISO-M49><ISO-M49>562</ISO-M49></entry><entry><Country>Nigeria</Country><Country>Nigeria</Country><ISO-2-CODE>NG</ISO-2-CODE><ISO-2-CODE>NG</ISO-2-CODE><ISO-3-Code>NGA</ISO-3-Code><ISO-3-Code>NGA</ISO-3-Code><ISO-M49>566</ISO-M49><ISO-M49>566</ISO-M49></entry><entry><Country>Niue</Country><Country>Niue</Country><ISO-2-CODE>NU</ISO-2-CODE><ISO-2-CODE>NU</ISO-2-CODE><ISO-3-Code>NIU</ISO-3-Code><ISO-3-Code>NIU</ISO-3-Code><ISO-M49>570</ISO-M49><ISO-M49>570</ISO-M49></entry><entry><Country>Norfolk Island</Country><Country>Norfolk Island</Country><ISO-2-CODE>NF</ISO-2-CODE><ISO-2-CODE>NF</ISO-2-CODE><ISO-3-Code>NFK</ISO-3-Code><ISO-3-Code>NFK</ISO-3-Code><ISO-M49>574</ISO-M49><ISO-M49>574</ISO-M49></entry><entry><Country>Northern Mariana Islands</Country><Country>Northern Mariana Islands</Country><ISO-2-CODE>MP</ISO-2-CODE><ISO-2-CODE>MP</ISO-2-CODE><ISO-3-Code>MNP</ISO-3-Code><ISO-3-Code>MNP</ISO-3-Code><ISO-M49>580</ISO-M49><ISO-M49>580</ISO-M49></entry><entry><Country>Norway</Country><Country>Norway</Country><ISO-2-CODE>NO</ISO-2-CODE><ISO-2-CODE>NO</ISO-2-CODE><ISO-3-Code>NOR</ISO-3-Code><ISO-3-Code>NOR</ISO-3-Code><ISO-M49>578</ISO-M49><ISO-M49>578</ISO-M49></entry><entry><Country>Oman</Country><Country>Oman</Country><ISO-2-CODE>OM</ISO-2-CODE><ISO-2-CODE>OM</ISO-2-CODE><ISO-3-Code>OMN</ISO-3-Code><ISO-3-Code>OMN</ISO-3-Code><ISO-M49>512</ISO-M49><ISO-M49>512</ISO-M49></entry><entry><Country>Pakistan</Country><Country>Pakistan</Country><ISO-2-CODE>PK</ISO-2-CODE><ISO-2-CODE>PK</ISO-2-CODE><ISO-3-Code>PAK</ISO-3-Code><ISO-3-Code>PAK</ISO-3-Code><ISO-M49>586</ISO-M49><ISO-M49>586</ISO-M49></entry><entry><Country>Palau</Country><Country>Palau</Country><ISO-2-CODE>PW</ISO-2-CODE><ISO-2-CODE>PW</ISO-2-CODE><ISO-3-Code>PLW</ISO-3-Code><ISO-3-Code>PLW</ISO-3-Code><ISO-M49>585</ISO-M49><ISO-M49>585</ISO-M49></entry><entry><Country>Palestinian Territory</Country><Country>Palestinian Territory</Country><ISO-2-CODE>PS</ISO-2-CODE><ISO-2-CODE>PS</ISO-2-CODE><ISO-3-Code>PSE</ISO-3-Code><ISO-3-Code>PSE</ISO-3-Code><ISO-M49>275</ISO-M49><ISO-M49>275</ISO-M49></entry><entry><Country>Panama</Country><Country>Panama</Country><ISO-2-CODE>PA</ISO-2-CODE><ISO-2-CODE>PA</ISO-2-CODE><ISO-3-Code>PAN</ISO-3-Code><ISO-3-Code>PAN</ISO-3-Code><ISO-M49>591</ISO-M49><ISO-M49>591</ISO-M49></entry><entry><Country>Papua New Guinea</Country><Country>Papua New Guinea</Country><ISO-2-CODE>PG</ISO-2-CODE><ISO-2-CODE>PG</ISO-2-CODE><ISO-3-Code>PNG</ISO-3-Code><ISO-3-Code>PNG</ISO-3-Code><ISO-M49>598</ISO-M49><ISO-M49>598</ISO-M49></entry><entry><Country>Paraguay</Country><Country>Paraguay</Country><ISO-2-CODE>PY</ISO-2-CODE><ISO-2-CODE>PY</ISO-2-CODE><ISO-3-Code>PRY</ISO-3-Code><ISO-3-Code>PRY</ISO-3-Code><ISO-M49>600</ISO-M49><ISO-M49>600</ISO-M49></entry><entry><Country>Peru</Country><Country>Peru</Country><ISO-2-CODE>PE</ISO-2-CODE><ISO-2-CODE>PE</ISO-2-CODE><ISO-3-Code>PER</ISO-3-Code><ISO-3-Code>PER</ISO-3-Code><ISO-M49>604</ISO-M49><ISO-M49>604</ISO-M49></entry><entry><Country>Philippines</Country><Country>Philippines</Country><ISO-2-CODE>PH</ISO-2-CODE><ISO-2-CODE>PH</ISO-2-CODE><ISO-3-Code>PHL</ISO-3-Code><ISO-3-Code>PHL</ISO-3-Code><ISO-M49>608</ISO-M49><ISO-M49>608</ISO-M49></entry><entry><Country>Pitcairn</Country><Country>Pitcairn</Country><ISO-2-CODE>PN</ISO-2-CODE><ISO-2-CODE>PN</ISO-2-CODE><ISO-3-Code>PCN</ISO-3-Code><ISO-3-Code>PCN</ISO-3-Code><ISO-M49>612</ISO-M49><ISO-M49>612</ISO-M49></entry><entry><Country>Poland</Country><Country>Poland</Country><ISO-2-CODE>PL</ISO-2-CODE><ISO-2-CODE>PL</ISO-2-CODE><ISO-3-Code>POL</ISO-3-Code><ISO-3-Code>POL</ISO-3-Code><ISO-M49>616</ISO-M49><ISO-M49>616</ISO-M49></entry><entry><Country>Portugal</Country><Country>Portugal</Country><ISO-2-CODE>PT</ISO-2-CODE><ISO-2-CODE>PT</ISO-2-CODE><ISO-3-Code>PRT</ISO-3-Code><ISO-3-Code>PRT</ISO-3-Code><ISO-M49>620</ISO-M49><ISO-M49>620</ISO-M49></entry><entry><Country>Puerto Rico</Country><Country>Puerto Rico</Country><ISO-2-CODE>PR</ISO-2-CODE><ISO-2-CODE>PR</ISO-2-CODE><ISO-3-Code>PRI</ISO-3-Code><ISO-3-Code>PRI</ISO-3-Code><ISO-M49>630</ISO-M49><ISO-M49>630</ISO-M49></entry><entry><Country>Qatar</Country><Country>Qatar</Country><ISO-2-CODE>QA</ISO-2-CODE><ISO-2-CODE>QA</ISO-2-CODE><ISO-3-Code>QAT</ISO-3-Code><ISO-3-Code>QAT</ISO-3-Code><ISO-M49>634</ISO-M49><ISO-M49>634</ISO-M49></entry><entry><Country>R&#130;union</Country><Country>R&#130;union</Country><ISO-2-CODE>RE</ISO-2-CODE><ISO-2-CODE>RE</ISO-2-CODE><ISO-3-Code>REU</ISO-3-Code><ISO-3-Code>REU</ISO-3-Code><ISO-M49>638</ISO-M49><ISO-M49>638</ISO-M49></entry><entry><Country>Romania</Country><Country>Romania</Country><ISO-2-CODE>RO</ISO-2-CODE><ISO-2-CODE>RO</ISO-2-CODE><ISO-3-Code>ROU</ISO-3-Code><ISO-3-Code>ROU</ISO-3-Code><ISO-M49>642</ISO-M49><ISO-M49>642</ISO-M49></entry><entry><Country>Russian Federation</Country><Country>Russian Federation</Country><ISO-2-CODE>RU</ISO-2-CODE><ISO-2-CODE>RU</ISO-2-CODE><ISO-3-Code>RUS</ISO-3-Code><ISO-3-Code>RUS</ISO-3-Code><ISO-M49>643</ISO-M49><ISO-M49>643</ISO-M49></entry><entry><Country>Rwanda</Country><Country>Rwanda</Country><ISO-2-CODE>RW</ISO-2-CODE><ISO-2-CODE>RW</ISO-2-CODE><ISO-3-Code>RWA</ISO-3-Code><ISO-3-Code>RWA</ISO-3-Code><ISO-M49>646</ISO-M49><ISO-M49>646</ISO-M49></entry><entry><Country>Saint-Barth&#130;lemy</Country><Country>Saint-Barth&#130;lemy</Country><ISO-2-CODE>BL</ISO-2-CODE><ISO-2-CODE>BL</ISO-2-CODE><ISO-3-Code>BLM</ISO-3-Code><ISO-3-Code>BLM</ISO-3-Code><ISO-M49>652</ISO-M49><ISO-M49>652</ISO-M49></entry><entry><Country>Saint Helena</Country><Country>Saint Helena</Country><ISO-2-CODE>SH</ISO-2-CODE><ISO-2-CODE>SH</ISO-2-CODE><ISO-3-Code>SHN</ISO-3-Code><ISO-3-Code>SHN</ISO-3-Code><ISO-M49>654</ISO-M49><ISO-M49>654</ISO-M49></entry><entry><Country>Saint Kitts and Nevis</Country><Country>Saint Kitts and Nevis</Country><ISO-2-CODE>KN</ISO-2-CODE><ISO-2-CODE>KN</ISO-2-CODE><ISO-3-Code>KNA</ISO-3-Code><ISO-3-Code>KNA</ISO-3-Code><ISO-M49>659</ISO-M49><ISO-M49>659</ISO-M49></entry><entry><Country>Saint Lucia</Country><Country>Saint Lucia</Country><ISO-2-CODE>LC</ISO-2-CODE><ISO-2-CODE>LC</ISO-2-CODE><ISO-3-Code>LCA</ISO-3-Code><ISO-3-Code>LCA</ISO-3-Code><ISO-M49>662</ISO-M49><ISO-M49>662</ISO-M49></entry><entry><Country>Saint-Martin (French part)</Country><Country>Saint-Martin (French part)</Country><ISO-2-CODE>MF</ISO-2-CODE><ISO-2-CODE>MF</ISO-2-CODE><ISO-3-Code>MAF</ISO-3-Code><ISO-3-Code>MAF</ISO-3-Code><ISO-M49>663</ISO-M49><ISO-M49>663</ISO-M49></entry><entry><Country>Saint Pierre and Miquelon</Country><Country>Saint Pierre and Miquelon</Country><ISO-2-CODE>PM</ISO-2-CODE><ISO-2-CODE>PM</ISO-2-CODE><ISO-3-Code>SPM</ISO-3-Code><ISO-3-Code>SPM</ISO-3-Code><ISO-M49>666</ISO-M49><ISO-M49>666</ISO-M49></entry><entry><Country>Saint Vincent and Grenadines</Country><Country>Saint Vincent and Grenadines</Country><ISO-2-CODE>VC</ISO-2-CODE><ISO-2-CODE>VC</ISO-2-CODE><ISO-3-Code>VCT</ISO-3-Code><ISO-3-Code>VCT</ISO-3-Code><ISO-M49>670</ISO-M49><ISO-M49>670</ISO-M49></entry><entry><Country>Samoa</Country><Country>Samoa</Country><ISO-2-CODE>WS</ISO-2-CODE><ISO-2-CODE>WS</ISO-2-CODE><ISO-3-Code>WSM</ISO-3-Code><ISO-3-Code>WSM</ISO-3-Code><ISO-M49>882</ISO-M49><ISO-M49>882</ISO-M49></entry><entry><Country>San Marino</Country><Country>San Marino</Country><ISO-2-CODE>SM</ISO-2-CODE><ISO-2-CODE>SM</ISO-2-CODE><ISO-3-Code>SMR</ISO-3-Code><ISO-3-Code>SMR</ISO-3-Code><ISO-M49>674</ISO-M49><ISO-M49>674</ISO-M49></entry><entry><Country>Sao Tome and Principe</Country><Country>Sao Tome and Principe</Country><ISO-2-CODE>ST</ISO-2-CODE><ISO-2-CODE>ST</ISO-2-CODE><ISO-3-Code>STP</ISO-3-Code><ISO-3-Code>STP</ISO-3-Code><ISO-M49>678</ISO-M49><ISO-M49>678</ISO-M49></entry><entry><Country>Saudi Arabia</Country><Country>Saudi Arabia</Country><ISO-2-CODE>SA</ISO-2-CODE><ISO-2-CODE>SA</ISO-2-CODE><ISO-3-Code>SAU</ISO-3-Code><ISO-3-Code>SAU</ISO-3-Code><ISO-M49>682</ISO-M49><ISO-M49>682</ISO-M49></entry><entry><Country>Senegal</Country><Country>Senegal</Country><ISO-2-CODE>SN</ISO-2-CODE><ISO-2-CODE>SN</ISO-2-CODE><ISO-3-Code>SEN</ISO-3-Code><ISO-3-Code>SEN</ISO-3-Code><ISO-M49>686</ISO-M49><ISO-M49>686</ISO-M49></entry><entry><Country>Serbia</Country><Country>Serbia</Country><ISO-2-CODE>RS</ISO-2-CODE><ISO-2-CODE>RS</ISO-2-CODE><ISO-3-Code>SRB</ISO-3-Code><ISO-3-Code>SRB</ISO-3-Code><ISO-M49>688</ISO-M49><ISO-M49>688</ISO-M49></entry><entry><Country>Seychelles</Country><Country>Seychelles</Country><ISO-2-CODE>SC</ISO-2-CODE><ISO-2-CODE>SC</ISO-2-CODE><ISO-3-Code>SYC</ISO-3-Code><ISO-3-Code>SYC</ISO-3-Code><ISO-M49>690</ISO-M49><ISO-M49>690</ISO-M49></entry><entry><Country>Sierra Leone</Country><Country>Sierra Leone</Country><ISO-2-CODE>SL</ISO-2-CODE><ISO-2-CODE>SL</ISO-2-CODE><ISO-3-Code>SLE</ISO-3-Code><ISO-3-Code>SLE</ISO-3-Code><ISO-M49>694</ISO-M49><ISO-M49>694</ISO-M49></entry><entry><Country>Singapore</Country><Country>Singapore</Country><ISO-2-CODE>SG</ISO-2-CODE><ISO-2-CODE>SG</ISO-2-CODE><ISO-3-Code>SGP</ISO-3-Code><ISO-3-Code>SGP</ISO-3-Code><ISO-M49>702</ISO-M49><ISO-M49>702</ISO-M49></entry><entry><Country>Slovakia</Country><Country>Slovakia</Country><ISO-2-CODE>SK</ISO-2-CODE><ISO-2-CODE>SK</ISO-2-CODE><ISO-3-Code>SVK</ISO-3-Code><ISO-3-Code>SVK</ISO-3-Code><ISO-M49>703</ISO-M49><ISO-M49>703</ISO-M49></entry><entry><Country>Slovenia</Country><Country>Slovenia</Country><ISO-2-CODE>SI</ISO-2-CODE><ISO-2-CODE>SI</ISO-2-CODE><ISO-3-Code>SVN</ISO-3-Code><ISO-3-Code>SVN</ISO-3-Code><ISO-M49>705</ISO-M49><ISO-M49>705</ISO-M49></entry><entry><Country>Solomon Islands</Country><Country>Solomon Islands</Country><ISO-2-CODE>SB</ISO-2-CODE><ISO-2-CODE>SB</ISO-2-CODE><ISO-3-Code>SLB</ISO-3-Code><ISO-3-Code>SLB</ISO-3-Code><ISO-M49>90</ISO-M49><ISO-M49>90</ISO-M49></entry><entry><Country>Somalia</Country><Country>Somalia</Country><ISO-2-CODE>SO</ISO-2-CODE><ISO-2-CODE>SO</ISO-2-CODE><ISO-3-Code>SOM</ISO-3-Code><ISO-3-Code>SOM</ISO-3-Code><ISO-M49>706</ISO-M49><ISO-M49>706</ISO-M49></entry><entry><Country>South Africa</Country><Country>South Africa</Country><ISO-2-CODE>ZA</ISO-2-CODE><ISO-2-CODE>ZA</ISO-2-CODE><ISO-3-Code>ZAF</ISO-3-Code><ISO-3-Code>ZAF</ISO-3-Code><ISO-M49>710</ISO-M49><ISO-M49>710</ISO-M49></entry><entry><Country>South Georgia and the South Sandwich Islands</Country><Country>South Georgia and the South Sandwich Islands</Country><ISO-2-CODE>GS</ISO-2-CODE><ISO-2-CODE>GS</ISO-2-CODE><ISO-3-Code>SGS</ISO-3-Code><ISO-3-Code>SGS</ISO-3-Code><ISO-M49>239</ISO-M49><ISO-M49>239</ISO-M49></entry><entry><Country>South Sudan</Country><Country>South Sudan</Country><ISO-2-CODE>SS</ISO-2-CODE><ISO-2-CODE>SS</ISO-2-CODE><ISO-3-Code>SSD</ISO-3-Code><ISO-3-Code>SSD</ISO-3-Code><ISO-M49>728</ISO-M49><ISO-M49>728</ISO-M49></entry><entry><Country>Spain</Country><Country>Spain</Country><ISO-2-CODE>ES</ISO-2-CODE><ISO-2-CODE>ES</ISO-2-CODE><ISO-3-Code>ESP</ISO-3-Code><ISO-3-Code>ESP</ISO-3-Code><ISO-M49>724</ISO-M49><ISO-M49>724</ISO-M49></entry><entry><Country>Sri Lanka</Country><Country>Sri Lanka</Country><ISO-2-CODE>LK</ISO-2-CODE><ISO-2-CODE>LK</ISO-2-CODE><ISO-3-Code>LKA</ISO-3-Code><ISO-3-Code>LKA</ISO-3-Code><ISO-M49>144</ISO-M49><ISO-M49>144</ISO-M49></entry><entry><Country>Sudan</Country><Country>Sudan</Country><ISO-2-CODE>SD</ISO-2-CODE><ISO-2-CODE>SD</ISO-2-CODE><ISO-3-Code>SDN</ISO-3-Code><ISO-3-Code>SDN</ISO-3-Code><ISO-M49>736</ISO-M49><ISO-M49>736</ISO-M49></entry><entry><Country>Suriname</Country><Country>Suriname</Country><ISO-2-CODE>SR</ISO-2-CODE><ISO-2-CODE>SR</ISO-2-CODE><ISO-3-Code>SUR</ISO-3-Code><ISO-3-Code>SUR</ISO-3-Code><ISO-M49>740</ISO-M49><ISO-M49>740</ISO-M49></entry><entry><Country>Svalbard and Jan Mayen Islands</Country><Country>Svalbard and Jan Mayen Islands</Country><ISO-2-CODE>SJ</ISO-2-CODE><ISO-2-CODE>SJ</ISO-2-CODE><ISO-3-Code>SJM</ISO-3-Code><ISO-3-Code>SJM</ISO-3-Code><ISO-M49>744</ISO-M49><ISO-M49>744</ISO-M49></entry><entry><Country>Swaziland</Country><Country>Swaziland</Country><ISO-2-CODE>SZ</ISO-2-CODE><ISO-2-CODE>SZ</ISO-2-CODE><ISO-3-Code>SWZ</ISO-3-Code><ISO-3-Code>SWZ</ISO-3-Code><ISO-M49>748</ISO-M49><ISO-M49>748</ISO-M49></entry><entry><Country>Sweden</Country><Country>Sweden</Country><ISO-2-CODE>SE</ISO-2-CODE><ISO-2-CODE>SE</ISO-2-CODE><ISO-3-Code>SWE</ISO-3-Code><ISO-3-Code>SWE</ISO-3-Code><ISO-M49>752</ISO-M49><ISO-M49>752</ISO-M49></entry><entry><Country>Switzerland</Country><Country>Switzerland</Country><ISO-2-CODE>CH</ISO-2-CODE><ISO-2-CODE>CH</ISO-2-CODE><ISO-3-Code>CHE</ISO-3-Code><ISO-3-Code>CHE</ISO-3-Code><ISO-M49>756</ISO-M49><ISO-M49>756</ISO-M49></entry><entry><Country>Syrian Arab Republic&#255;(Syria)</Country><Country>Syrian Arab Republic&#255;(Syria)</Country><ISO-2-CODE>SY</ISO-2-CODE><ISO-2-CODE>SY</ISO-2-CODE><ISO-3-Code>SYR</ISO-3-Code><ISO-3-Code>SYR</ISO-3-Code><ISO-M49>760</ISO-M49><ISO-M49>760</ISO-M49></entry><entry><Country>Taiwan, Republic of China</Country><Country>Taiwan, Republic of China</Country><ISO-2-CODE>TW</ISO-2-CODE><ISO-2-CODE>TW</ISO-2-CODE><ISO-3-Code>TWN</ISO-3-Code><ISO-3-Code>TWN</ISO-3-Code><ISO-M49>158</ISO-M49><ISO-M49>158</ISO-M49></entry><entry><Country>Tajikistan</Country><Country>Tajikistan</Country><ISO-2-CODE>TJ</ISO-2-CODE><ISO-2-CODE>TJ</ISO-2-CODE><ISO-3-Code>TJK</ISO-3-Code><ISO-3-Code>TJK</ISO-3-Code><ISO-M49>762</ISO-M49><ISO-M49>762</ISO-M49></entry><entry><Country>Tanzania, United Republic of</Country><Country>Tanzania, United Republic of</Country><ISO-2-CODE>TZ</ISO-2-CODE><ISO-2-CODE>TZ</ISO-2-CODE><ISO-3-Code>TZA</ISO-3-Code><ISO-3-Code>TZA</ISO-3-Code><ISO-M49>834</ISO-M49><ISO-M49>834</ISO-M49></entry><entry><Country>Thailand</Country><Country>Thailand</Country><ISO-2-CODE>TH</ISO-2-CODE><ISO-2-CODE>TH</ISO-2-CODE><ISO-3-Code>THA</ISO-3-Code><ISO-3-Code>THA</ISO-3-Code><ISO-M49>764</ISO-M49><ISO-M49>764</ISO-M49></entry><entry><Country>Timor-Leste</Country><Country>Timor-Leste</Country><ISO-2-CODE>TL</ISO-2-CODE><ISO-2-CODE>TL</ISO-2-CODE><ISO-3-Code>TLS</ISO-3-Code><ISO-3-Code>TLS</ISO-3-Code><ISO-M49>626</ISO-M49><ISO-M49>626</ISO-M49></entry><entry><Country>Togo</Country><Country>Togo</Country><ISO-2-CODE>TG</ISO-2-CODE><ISO-2-CODE>TG</ISO-2-CODE><ISO-3-Code>TGO</ISO-3-Code><ISO-3-Code>TGO</ISO-3-Code><ISO-M49>768</ISO-M49><ISO-M49>768</ISO-M49></entry><entry><Country>Tokelau</Country><Country>Tokelau</Country><ISO-2-CODE>TK</ISO-2-CODE><ISO-2-CODE>TK</ISO-2-CODE><ISO-3-Code>TKL</ISO-3-Code><ISO-3-Code>TKL</ISO-3-Code><ISO-M49>772</ISO-M49><ISO-M49>772</ISO-M49></entry><entry><Country>Tonga</Country><Country>Tonga</Country><ISO-2-CODE>TO</ISO-2-CODE><ISO-2-CODE>TO</ISO-2-CODE><ISO-3-Code>TON</ISO-3-Code><ISO-3-Code>TON</ISO-3-Code><ISO-M49>776</ISO-M49><ISO-M49>776</ISO-M49></entry><entry><Country>Trinidad and Tobago</Country><Country>Trinidad and Tobago</Country><ISO-2-CODE>TT</ISO-2-CODE><ISO-2-CODE>TT</ISO-2-CODE><ISO-3-Code>TTO</ISO-3-Code><ISO-3-Code>TTO</ISO-3-Code><ISO-M49>780</ISO-M49><ISO-M49>780</ISO-M49></entry><entry><Country>Tunisia</Country><Country>Tunisia</Country><ISO-2-CODE>TN</ISO-2-CODE><ISO-2-CODE>TN</ISO-2-CODE><ISO-3-Code>TUN</ISO-3-Code><ISO-3-Code>TUN</ISO-3-Code><ISO-M49>788</ISO-M49><ISO-M49>788</ISO-M49></entry><entry><Country>Turkey</Country><Country>Turkey</Country><ISO-2-CODE>TR</ISO-2-CODE><ISO-2-CODE>TR</ISO-2-CODE><ISO-3-Code>TUR</ISO-3-Code><ISO-3-Code>TUR</ISO-3-Code><ISO-M49>792</ISO-M49><ISO-M49>792</ISO-M49></entry><entry><Country>Turkmenistan</Country><Country>Turkmenistan</Country><ISO-2-CODE>TM</ISO-2-CODE><ISO-2-CODE>TM</ISO-2-CODE><ISO-3-Code>TKM</ISO-3-Code><ISO-3-Code>TKM</ISO-3-Code><ISO-M49>795</ISO-M49><ISO-M49>795</ISO-M49></entry><entry><Country>Turks and Caicos Islands</Country><Country>Turks and Caicos Islands</Country><ISO-2-CODE>TC</ISO-2-CODE><ISO-2-CODE>TC</ISO-2-CODE><ISO-3-Code>TCA</ISO-3-Code><ISO-3-Code>TCA</ISO-3-Code><ISO-M49>796</ISO-M49><ISO-M49>796</ISO-M49></entry><entry><Country>Tuvalu</Country><Country>Tuvalu</Country><ISO-2-CODE>TV</ISO-2-CODE><ISO-2-CODE>TV</ISO-2-CODE><ISO-3-Code>TUV</ISO-3-Code><ISO-3-Code>TUV</ISO-3-Code><ISO-M49>798</ISO-M49><ISO-M49>798</ISO-M49></entry><entry><Country>Uganda</Country><Country>Uganda</Country><ISO-2-CODE>UG</ISO-2-CODE><ISO-2-CODE>UG</ISO-2-CODE><ISO-3-Code>UGA</ISO-3-Code><ISO-3-Code>UGA</ISO-3-Code><ISO-M49>800</ISO-M49><ISO-M49>800</ISO-M49></entry><entry><Country>Ukraine</Country><Country>Ukraine</Country><ISO-2-CODE>UA</ISO-2-CODE><ISO-2-CODE>UA</ISO-2-CODE><ISO-3-Code>UKR</ISO-3-Code><ISO-3-Code>UKR</ISO-3-Code><ISO-M49>804</ISO-M49><ISO-M49>804</ISO-M49></entry><entry><Country>United Arab Emirates</Country><Country>United Arab Emirates</Country><ISO-2-CODE>AE</ISO-2-CODE><ISO-2-CODE>AE</ISO-2-CODE><ISO-3-Code>ARE</ISO-3-Code><ISO-3-Code>ARE</ISO-3-Code><ISO-M49>784</ISO-M49><ISO-M49>784</ISO-M49></entry><entry><Country>United Kingdom</Country><Country>United Kingdom</Country><ISO-2-CODE>GB</ISO-2-CODE><ISO-2-CODE>GB</ISO-2-CODE><ISO-3-Code>GBR</ISO-3-Code><ISO-3-Code>GBR</ISO-3-Code><ISO-M49>826</ISO-M49><ISO-M49>826</ISO-M49></entry><entry><Country>United States of America</Country><Country>United States of America</Country><ISO-2-CODE>US</ISO-2-CODE><ISO-2-CODE>US</ISO-2-CODE><ISO-3-Code>USA</ISO-3-Code><ISO-3-Code>USA</ISO-3-Code><ISO-M49>840</ISO-M49><ISO-M49>840</ISO-M49></entry><entry><Country>US Minor Outlying Islands</Country><Country>US Minor Outlying Islands</Country><ISO-2-CODE>UM</ISO-2-CODE><ISO-2-CODE>UM</ISO-2-CODE><ISO-3-Code>UMI</ISO-3-Code><ISO-3-Code>UMI</ISO-3-Code><ISO-M49>581</ISO-M49><ISO-M49>581</ISO-M49></entry><entry><Country>Uruguay</Country><Country>Uruguay</Country><ISO-2-CODE>UY</ISO-2-CODE><ISO-2-CODE>UY</ISO-2-CODE><ISO-3-Code>URY</ISO-3-Code><ISO-3-Code>URY</ISO-3-Code><ISO-M49>858</ISO-M49><ISO-M49>858</ISO-M49></entry><entry><Country>Uzbekistan</Country><Country>Uzbekistan</Country><ISO-2-CODE>UZ</ISO-2-CODE><ISO-2-CODE>UZ</ISO-2-CODE><ISO-3-Code>UZB</ISO-3-Code><ISO-3-Code>UZB</ISO-3-Code><ISO-M49>860</ISO-M49><ISO-M49>860</ISO-M49></entry><entry><Country>Vanuatu</Country><Country>Vanuatu</Country><ISO-2-CODE>VU</ISO-2-CODE><ISO-2-CODE>VU</ISO-2-CODE><ISO-3-Code>VUT</ISO-3-Code><ISO-3-Code>VUT</ISO-3-Code><ISO-M49>548</ISO-M49><ISO-M49>548</ISO-M49></entry><entry><Country>Venezuela&#255;(Bolivarian Republic)</Country><Country>Venezuela&#255;(Bolivarian Republic)</Country><ISO-2-CODE>VE</ISO-2-CODE><ISO-2-CODE>VE</ISO-2-CODE><ISO-3-Code>VEN</ISO-3-Code><ISO-3-Code>VEN</ISO-3-Code><ISO-M49>862</ISO-M49><ISO-M49>862</ISO-M49></entry><entry><Country>Viet Nam</Country><Country>Viet Nam</Country><ISO-2-CODE>VN</ISO-2-CODE><ISO-2-CODE>VN</ISO-2-CODE><ISO-3-Code>VNM</ISO-3-Code><ISO-3-Code>VNM</ISO-3-Code><ISO-M49>704</ISO-M49><ISO-M49>704</ISO-M49></entry><entry><Country>Virgin Islands, US</Country><Country>Virgin Islands, US</Country><ISO-2-CODE>VI</ISO-2-CODE><ISO-2-CODE>VI</ISO-2-CODE><ISO-3-Code>VIR</ISO-3-Code><ISO-3-Code>VIR</ISO-3-Code><ISO-M49>850</ISO-M49><ISO-M49>850</ISO-M49></entry><entry><Country>Wallis and Futuna Islands</Country><Country>Wallis and Futuna Islands</Country><ISO-2-CODE>WF</ISO-2-CODE><ISO-2-CODE>WF</ISO-2-CODE><ISO-3-Code>WLF</ISO-3-Code><ISO-3-Code>WLF</ISO-3-Code><ISO-M49>876</ISO-M49><ISO-M49>876</ISO-M49></entry><entry><Country>Western Sahara</Country><Country>Western Sahara</Country><ISO-2-CODE>EH</ISO-2-CODE><ISO-2-CODE>EH</ISO-2-CODE><ISO-3-Code>ESH</ISO-3-Code><ISO-3-Code>ESH</ISO-3-Code><ISO-M49>732</ISO-M49><ISO-M49>732</ISO-M49></entry><entry><Country>Yemen</Country><Country>Yemen</Country><ISO-2-CODE>YE</ISO-2-CODE><ISO-2-CODE>YE</ISO-2-CODE><ISO-3-Code>YEM</ISO-3-Code><ISO-3-Code>YEM</ISO-3-Code><ISO-M49>887</ISO-M49><ISO-M49>887</ISO-M49></entry><entry><Country>Zambia</Country><Country>Zambia</Country><ISO-2-CODE>ZM</ISO-2-CODE><ISO-2-CODE>ZM</ISO-2-CODE><ISO-3-Code>ZMB</ISO-3-Code><ISO-3-Code>ZMB</ISO-3-Code><ISO-M49>894</ISO-M49><ISO-M49>894</ISO-M49></entry><entry><Country>Zimbabwe</Country><Country>Zimbabwe</Country><ISO-2-CODE>ZW</ISO-2-CODE><ISO-2-CODE>ZW</ISO-2-CODE><ISO-3-Code>ZWE</ISO-3-Code><ISO-3-Code>ZWE</ISO-3-Code><ISO-M49>716</ISO-M49><ISO-M49>716</ISO-M49></entry></root>